Neck,Sternocleidomastoid,Cable Neck Flexion
Neck,Sternocleidomastoid,Lever Neck Flexion (plate loaded)
Neck,Sternocleidomastoid,Lever Lateral Neck Flexion (plate loaded)
Neck,Sternocleidomastoid,Lever Neck Flexion
Neck,Sternocleidomastoid,Lever Lateral Neck Flexion
Neck,Sternocleidomastoid,Weighted Lying Neck Flexion
Neck,Sternocleidomastoid,Weighted Neck Flexion
Neck,Sternocleidomastoid,Weighted Lateral Neck Flexion
Neck,Sternocleidomastoid,Front Neck Bridge
Neck,Sternocleidomastoid,Wall Front Neck Bridge
Neck,Sternocleidomastoid,Wall Side Neck Bridge
Neck,Splenius,Cable Neck Extension
Neck,Splenius,Lever Neck Extension (plate loaded)
Neck,Splenius,Lever Neck Extension
Neck,Splenius,Weighted Lying Neck Extension
Neck,Splenius,Weighted Neck Extension
Neck,Splenius,Weighted Seated Neck Extension
Neck,Splenius,Weighted Neck Harness Extension
Neck,Splenius,Rear Neck Bridge
Neck,Splenius,Wall Rear Neck Bridge
Neck,Splenius,Neck Extensor Stretch
Shoulder,"Deltoid, Anterior",Barbell Behind Neck Press
Shoulder,"Deltoid, Anterior",Barbell Front Raise
Shoulder,"Deltoid, Anterior",Barbell Incline Front Raise
Shoulder,"Deltoid, Anterior",Barbell Military Press
Shoulder,"Deltoid, Anterior",Barbell Seated Military Press
Shoulder,"Deltoid, Anterior",Barbell Shoulder Press
Shoulder,"Deltoid, Anterior",Cable Bar Behind Neck Press
Shoulder,"Deltoid, Anterior",Cable Bar Military Press
Shoulder,"Deltoid, Anterior",Cable Bar Shoulder Press
Shoulder,"Deltoid, Anterior",Cable Seated Front Raise
Shoulder,"Deltoid, Anterior",Cable Alternating Front Raise
Shoulder,"Deltoid, Anterior",Cable Alternating Seated Front Raise
Shoulder,"Deltoid, Anterior",Cable One Arm Front Raise
Shoulder,"Deltoid, Anterior",Cable One Arm Front Raise (with rope)
Shoulder,"Deltoid, Anterior",Cable Standing Shoulder Press
Shoulder,"Deltoid, Anterior",Cable Shoulder Press
Shoulder,"Deltoid, Anterior",Cable Twisting Overhead Press
Shoulder,"Deltoid, Anterior",Dumbbell Arnold Press
Shoulder,"Deltoid, Anterior",Dumbbell Front Raise
Shoulder,"Deltoid, Anterior",Dumbbell Alternating Front Raise
Shoulder,"Deltoid, Anterior",Dumbbell Alternating Incline Front Raise
Shoulder,"Deltoid, Anterior",Dumbbell Shoulder Press
Shoulder,"Deltoid, Anterior",Dumbbell One Arm Shoulder Press
Shoulder,"Deltoid, Anterior",Lever Behind Neck Press (plate loaded)
Shoulder,"Deltoid, Anterior",Lever Barbell Behind Neck Press (plate loaded)
Shoulder,"Deltoid, Anterior",Lever Military Press (plate loaded)
Shoulder,"Deltoid, Anterior",Lever Reclined Shoulder Press (plate loaded)
Shoulder,"Deltoid, Anterior",Lever Shoulder Press (plate loaded)
Shoulder,"Deltoid, Anterior",Lever Barbell Shoulder Press (plate loaded)
Shoulder,"Deltoid, Anterior",Lever One Arm Shoulder Press (plate loaded)
Shoulder,"Deltoid, Anterior",Lever One Arm Front Raise
Shoulder,"Deltoid, Anterior",Lever Reclined Shoulder Press
Shoulder,"Deltoid, Anterior",Lever Parallel Grip Shoulder Press
Shoulder,"Deltoid, Anterior",Lever Shoulder Press
Shoulder,"Deltoid, Anterior",Lever Shoulder Press (parallel grip)
Shoulder,"Deltoid, Anterior",Lever Alternating Shoulder Press
Shoulder,"Deltoid, Anterior",Sled Shoulder Press
Shoulder,"Deltoid, Anterior",Sled Shoulder Press (parallel grip)
Shoulder,"Deltoid, Anterior",Smith Behind Neck Press
Shoulder,"Deltoid, Anterior",Smith Shoulder Press
Shoulder,"Deltoid, Anterior",Handstand Shoulder Press (between benches)
Shoulder,"Deltoid, Anterior",Pike Press
Shoulder,"Deltoid, Anterior",Decline Pike Press
Shoulder,"Deltoid, Anterior",Suspended Front Raise
Shoulder,"Deltoid, Anterior",Doorway Front Deltoid Stretch
Shoulder,"Deltoid, Anterior",Lying Front Deltoid Stretch
Shoulder,"Deltoid, Anterior",PNF Seated Front Deltoid Stretch
Shoulder,"Deltoid, Anterior",Wall Front Deltoid Stretch
Shoulder,"Deltoid, Lateral",Barbell Upright Row
Shoulder,"Deltoid, Lateral",Cable Lateral Raise
Shoulder,"Deltoid, Lateral",Cable One Arm Lateral Raise
Shoulder,"Deltoid, Lateral",Cable Lateral Raise (pulleys close)
Shoulder,"Deltoid, Lateral",Cable Seated Lateral Raise
Shoulder,"Deltoid, Lateral",Cable Upright Row
Shoulder,"Deltoid, Lateral",Cable Bar Upright Row
Shoulder,"Deltoid, Lateral",Cable Upright Row (dual pulley)
Shoulder,"Deltoid, Lateral",Cable Upright Row (stirrup attachments)
Shoulder,"Deltoid, Lateral",Cable One Arm Upright Row
Shoulder,"Deltoid, Lateral",Dumbbell Incline Lateral Raise
Shoulder,"Deltoid, Lateral",Dumbbell Lateral Raise
Shoulder,"Deltoid, Lateral",Dumbbell One Arm Lateral Raise
Shoulder,"Deltoid, Lateral",Dumbbell One Arm Seated Lateral Raise
Shoulder,"Deltoid, Lateral",Dumbbell Lying Lateral Raise
Shoulder,"Deltoid, Lateral",Dumbbell Raise
Shoulder,"Deltoid, Lateral",Dumbbell Upright Row
Shoulder,"Deltoid, Lateral",Dumbbell One Arm Upright Row
Shoulder,"Deltoid, Lateral",Dumbbell Seated Upright Row
Shoulder,"Deltoid, Lateral",Lever Barbell Upright Row (plate loaded)
Shoulder,"Deltoid, Lateral",Lever Lateral Raise (plate loaded)
Shoulder,"Deltoid, Lateral",Lever Extended Arm Kneeling Lateral Raise
Shoulder,"Deltoid, Lateral",Lever Lateral Raise
Shoulder,"Deltoid, Lateral",Lever Extended Arm Lateral Raise
Shoulder,"Deltoid, Lateral",Lever Lateral Raise
Shoulder,"Deltoid, Lateral",Smith Upright Row
Shoulder,"Deltoid, Lateral",Fixed Bar Side Deltoid Stretch
Shoulder,"Deltoid, Lateral",Side Deltoid Stretch
Shoulder,"Deltoid, Lateral",Suspended Y Lateral Raise
Shoulder,"Deltoid, Posterior",Barbell Rear Delt Raise
Shoulder,"Deltoid, Posterior",Barbell Rear Delt Row
Shoulder,"Deltoid, Posterior",Barbell Lying Rear Delt Row
Shoulder,"Deltoid, Posterior",Cable Reverse Fly
Shoulder,"Deltoid, Posterior",Cable Seated Reverse Fly
Shoulder,"Deltoid, Posterior",Cable One Arm Reverse Fly
Shoulder,"Deltoid, Posterior",Cable Supine Reverse Fly
Shoulder,"Deltoid, Posterior",Cable Rear Delt Row
Shoulder,"Deltoid, Posterior",Cable One Arm Rear Delt Row
Shoulder,"Deltoid, Posterior",Cable Rear Delt Row (stirrups)
Shoulder,"Deltoid, Posterior",Cable Seated Rear Delt Row (stirrups)
Shoulder,"Deltoid, Posterior",Cable Standing Rear Delt Row (stirrups)
Shoulder,"Deltoid, Posterior",Cable Rear Lateral Raise
Shoulder,"Deltoid, Posterior",Cable One Arm Rear Lateral Raise
Shoulder,"Deltoid, Posterior",Cable Seated Rear Lateral Raise
Shoulder,"Deltoid, Posterior",Cable Standing Cross Row
Shoulder,"Deltoid, Posterior",Cable One Arm Standing Cross Row
Shoulder,"Deltoid, Posterior",Dumbbell Lying Rear Delt Raise
Shoulder,"Deltoid, Posterior",Dumbbell Lying Rear Delt Row
Shoulder,"Deltoid, Posterior",Dumbbell Lying Rear Lateral Raise
Shoulder,"Deltoid, Posterior",Dumbbell Lying One Arm Rear Lateral Raise
Shoulder,"Deltoid, Posterior",Dumbbell Rear Lateral Raise
Shoulder,"Deltoid, Posterior",Dumbbell Rear Delt Row
Shoulder,"Deltoid, Posterior",Dumbbell Seated Rear Lateral Raise
Shoulder,"Deltoid, Posterior",Lever Incline Rear Delt Row (plate loaded)
Shoulder,"Deltoid, Posterior",Lever Lying Rear Lateral Raise (plate loaded)
Shoulder,"Deltoid, Posterior",Lever Rear Delt Raise (plate loaded)
Shoulder,"Deltoid, Posterior",Lever Seated Rear Delt Row (plate loaded)
Shoulder,"Deltoid, Posterior",Lever Seated Rear Lateral Raise (plate loaded)
Shoulder,"Deltoid, Posterior",Lever T-Bar Rear Delt Row (plate loaded)
Shoulder,"Deltoid, Posterior",Lever Lying Rear Lateral Raise
Shoulder,"Deltoid, Posterior",Lever Rear Lateral Raise (on lateral raise machine)
Shoulder,"Deltoid, Posterior",Lever Rear Lateral Raise (on extended arm kneeling lateral raise machine)
Shoulder,"Deltoid, Posterior",Lever Seated Rear Delt Row
Shoulder,"Deltoid, Posterior",Lever Seated Reverse Fly (parallel grip)
Shoulder,"Deltoid, Posterior",Lever Seated Reverse Fly (gripless)
Shoulder,"Deltoid, Posterior",Lever Seated Reverse Fly (on pec deck)
Shoulder,"Deltoid, Posterior",Lever Seated Reverse Fly (overhand grip)
Shoulder,"Deltoid, Posterior",Lever Seated Reverse Fly (pronated parallel grip)
Shoulder,"Deltoid, Posterior",Smith Rear Delt Row
Shoulder,"Deltoid, Posterior",Rear Delt Inverted Row
Shoulder,"Deltoid, Posterior",Rear Delt Inverted Row (high bar)
Shoulder,"Deltoid, Posterior",Rear Delt Inverted Row (on hips)
Shoulder,"Deltoid, Posterior",Suspended Rear Delt Row
Shoulder,"Deltoid, Posterior",Suspended Reverse Fly
Shoulder,"Deltoid, Posterior",Fixed Bar Rear Deltoid Stretch
Shoulder,"Deltoid, Posterior",Rear Deltoid Stretch
Shoulder,Supraspinatus,Cable Front Lateral Raise
Shoulder,Supraspinatus,Cable Seated Front Lateral Raise
Shoulder,Supraspinatus,Dumbbell Front Lateral Raise
Shoulder,Supraspinatus,Dumbbell Seated Front Lateral Raise
Shoulder,"Deltoid, Lateral",Dumbbell Lying Lateral Raise
Upper Arm,Triceps Brachii,Assisted Triceps Dip
Upper Arm,Triceps Brachii,Assisted Triceps Dip (kneeling)
Upper Arm,Triceps Brachii,Barbell Close Grip Bench Press
Upper Arm,Triceps Brachii,Barbell Close Grip Incline Bench Press
Upper Arm,Triceps Brachii,Barbell JM Bench Press
Upper Arm,Triceps Brachii,Barbell Lying Triceps Extension
Upper Arm,Triceps Brachii,Barbell Lying Triceps Extension
Upper Arm,Triceps Brachii,Barbell Decline Triceps Extension
Upper Arm,Triceps Brachii,Barbell Incline Triceps Extension
Upper Arm,Triceps Brachii,"Barbell Lying Triceps Extension ""Skull Crusher"""
Upper Arm,Triceps Brachii,Barbell Triceps Extension
Upper Arm,Triceps Brachii,Cable Bent-over Triceps Extension
Upper Arm,Triceps Brachii,Cable Bent-over Triceps Extension (with rope attachment)
Upper Arm,Triceps Brachii,Cable Bar Pushdown
Upper Arm,Triceps Brachii,Cable Forward Triceps Extension
Upper Arm,Triceps Brachii,Cable Incline Triceps Extension
Upper Arm,Triceps Brachii,Cable Kneeling Triceps Extension
Upper Arm,Triceps Brachii,Cable Lying Triceps Extension
Upper Arm,Triceps Brachii,Cable Decline Triceps Extension
Upper Arm,Triceps Brachii,Cable Pushdown
Upper Arm,Triceps Brachii,Cable Alternating Seated Pushdown
Upper Arm,Triceps Brachii,Cable Pushdown (forward leaning)
Upper Arm,Triceps Brachii,Cable Incline Pushdown
Upper Arm,Triceps Brachii,Cable One Arm Pushdown
Upper Arm,Triceps Brachii,Cable Pushdown (with back support)
Upper Arm,Triceps Brachii,Cable Pushdown (with rope attachment)
Upper Arm,Triceps Brachii,Cable Pushdown (with V-bar)
Upper Arm,Triceps Brachii,Cable Side Triceps Extension
Upper Arm,Triceps Brachii,Cable Triceps Dip
Upper Arm,Triceps Brachii,Cable Triceps Extension
Upper Arm,Triceps Brachii,Cable One Arm Triceps Extension (pronated grip)
Upper Arm,Triceps Brachii,Cable One Arm Triceps Extension (supinated grip)
Upper Arm,Triceps Brachii,Dumbbell Kickback
Upper Arm,Triceps Brachii,Dumbbell Lying Triceps Extension
Upper Arm,Triceps Brachii,Dumbbell Decline Triceps Extension
Upper Arm,Triceps Brachii,Dumbbell Incline Triceps Extension
Upper Arm,Triceps Brachii,Dumbbell One Arm Triceps Extension
Upper Arm,Triceps Brachii,Dumbbell One Arm Triceps Extension (on bench)
Upper Arm,Triceps Brachii,Dumbbell Triceps Extension
Upper Arm,Triceps Brachii,Lever Close Grip Bench Press (plate loaded)
Upper Arm,Triceps Brachii,Lever Barbell Close Grip Bench Press (plate loaded)
Upper Arm,Triceps Brachii,Lever Triceps Extension (plate loaded)
Upper Arm,Triceps Brachii,"Lever Triceps Extension (no seat, plate loaded)"
Upper Arm,Triceps Brachii,Lever Triceps Dip (plate loaded)
Upper Arm,Triceps Brachii,Lever Incline Triceps Extension
Upper Arm,Triceps Brachii,Lever Overhead Triceps Extension
Upper Arm,Triceps Brachii,Lever Pushdown
Upper Arm,Triceps Brachii,Lever Seated Close Grip Press
Upper Arm,Triceps Brachii,Lever Close Grip Incline Bench Press
Upper Arm,Triceps Brachii,Lever Triceps Dip
Upper Arm,Triceps Brachii,Lever Triceps Dip
Upper Arm,Triceps Brachii,Lever Overhand Triceps Dip
Upper Arm,Triceps Brachii,Lever Triceps Extension
Upper Arm,Triceps Brachii,Lever Triceps Extension
Upper Arm,Triceps Brachii,Lever Alternating Triceps Extension
Upper Arm,Triceps Brachii,Smith Close Grip Bench Press
Upper Arm,Triceps Brachii,Smith Close Grip Incline Bench Press
Upper Arm,Triceps Brachii,Weighted Bench Dip
Upper Arm,Triceps Brachii,Weighted Close Grip Push-up
Upper Arm,Triceps Brachii,Weighted Triceps Dip
Upper Arm,Triceps Brachii,Bench Dip
Upper Arm,Triceps Brachii,Bench Dip (knees bent)
Upper Arm,Triceps Brachii,Bench Dip (heels on floor)
Upper Arm,Triceps Brachii,Close Grip Push-up
Upper Arm,Triceps Brachii,Close Grip Push-up (on knees)
Upper Arm,Triceps Brachii,Close Grip Push-up (on medicine ball)
Upper Arm,Triceps Brachii,Close Grip Incline Push-up (on bar)
Upper Arm,Triceps Brachii,Suspended Triceps Extension (with rope)
Upper Arm,Triceps Brachii,Triceps Dip
Upper Arm,Triceps Brachii,Triceps Dip (between benches)
Upper Arm,Triceps Brachii,Triceps Dip (bent knees between benches)
Upper Arm,Triceps Brachii,Suspended Triceps Dip
Upper Arm,Triceps Brachii,Suspended Self-assisted Triceps Dip
Upper Arm,Triceps Brachii,Suspended Triceps Extension
Upper Arm,Triceps Brachii,Suspended Triceps Extension (with rope)
Upper Arm,Triceps Brachii,Self-assisted Triceps Dip
Upper Arm,"Triceps, Long Head",Overhead Triceps Stretch
Upper Arm,"Triceps, Long Head",PNF Overhead Triceps Stretch
Upper Arm,"Triceps, Long Head",Towel Triceps Stretch
Upper Arm,Biceps Brachii,Barbell Curl
Upper Arm,Biceps Brachii,Barbell Drag Curl
Upper Arm,Biceps Brachii,Cable Alternating Curl
Upper Arm,Biceps Brachii,Cable Alternating Seated Curl
Upper Arm,Biceps Brachii,Cable Curl
Upper Arm,Biceps Brachii,Cable Bar Curl
Upper Arm,Biceps Brachii,Cable Curl (with stirrups)
Upper Arm,Biceps Brachii,Cable Seated Curl
Upper Arm,Biceps Brachii,Cable One Arm Curl
Upper Arm,Biceps Brachii,Cable Supine Curl
Upper Arm,Biceps Brachii,Dumbbell Curl
Upper Arm,Biceps Brachii,Dumbbell Incline Curl
Upper Arm,Biceps Brachii,Lever Curl
Upper Arm,Biceps Brachii,Lever Alternating Curl
Upper Arm,Latissimus Dorsi,Chin-up
Upper Arm,"Trapezius, Middle",Underhand Inverted Row
Upper Arm,"Trapezius, Middle",Underhand Inverted Row (high bar)
Upper Arm,Biceps Brachii,Doorway Biceps Stretch
Upper Arm,Biceps Brachii,Seated Biceps Stretch
Upper Arm,Biceps Brachii,PNF Seated Biceps Stretch
Upper Arm,Biceps Brachii,Standing Biceps Stretch
Upper Arm,Biceps Brachii,Wall Biceps Stretch
Upper Arm,Brachialis,Barbell Preacher Curl
Upper Arm,Brachialis,Barbell Standing Preacher Curl
Upper Arm,Brachialis,Barbell Prone Incline Curl
Upper Arm,Brachialis,Cable Concentration Curl
Upper Arm,Brachialis,Cable Preacher Curl
Upper Arm,Brachialis,Cable Alternating Preacher Curl
Upper Arm,Brachialis,Cable One Arm Preacher Curl
Upper Arm,Brachialis,Cable Preacher Curl (stirrups)
Upper Arm,Brachialis,Cable Prone Incline Curl
Upper Arm,Brachialis,Dumbbell Concentration Curl
Upper Arm,Brachialis,Dumbbell Preacher Curl
Upper Arm,Brachialis,Dumbbell Standing Preacher Curl
Upper Arm,Brachialis,Dumbbell Prone Incline Curl
Upper Arm,Brachialis,Lever Preacher Curl (plate loaded)
Upper Arm,Brachialis,"Lever Preacher Curl (arms high, plate loaded)"
Upper Arm,Brachialis,"Lever Alternating Preacher Curl (arms high, plate loaded)"
Upper Arm,Brachialis,"Lever Preacher Curl (no seat, plate loaded)"
Upper Arm,Brachialis,Lever Preacher Curl
Upper Arm,Brachialis,Lever Preacher Curl (arms high)
Upper Arm,Brachialis,Lever Alternating Preacher Curl (arms high)
Upper Arm,Brachialis,Lever Preacher Curl (no seat)
Upper Arm,Brachialis,Suspension Arm Curl
Forearm,Brachioradialis,Barbell Reverse Curl
Forearm,Brachioradialis,Barbell Reverse Preacher Curl
Forearm,Brachioradialis,Barbell Standing Reverse Preacher Curl
Forearm,Brachioradialis,Cable Hammer Curl
Forearm,Brachioradialis,Cable Reverse Curl
Forearm,Brachioradialis,Cable Bar Reverse Curl
Forearm,Brachioradialis,Cable Reverse Preacher Curl
Forearm,Brachioradialis,Dumbbell Hammer Curl
Forearm,Brachioradialis,Lever Hammer Preacher Curl
Forearm,Biceps Brachii,Lever Reverse Curl
Forearm,Brachioradialis,Lever Reverse Preacher Curl
Forearm,Brachioradialis,Standing Brachioradialis Stretch
Forearm,Wrist Flexors,Barbell Wrist Curl
Forearm,Wrist Flexors,Cable Wrist Curl
Forearm,Wrist Flexors,Cable One Arm Wrist Curl
Forearm,Wrist Flexors,Cable Roller Wrist Flexion
Forearm,Wrist Flexors,Dumbbell Wrist Curl
Forearm,Flexor Carpi Ulnaris,Dumbbell Ulnar Deviation
Forearm,Wrist Flexors,Lever Grip (plate loaded)
Forearm,Wrist Flexors,Lever Wrist Curl (plate loaded)
Forearm,Wrist Flexors,Lever Grip
Forearm,Flexor Carpi Ulnaris,Lever Ulnar Deviation
Forearm,Wrist Flexors,Lever Wrist Curl
Forearm,Wrist Flexors,Lever Roller Wrist Flexion
Forearm,Flexor Carpi Ulnaris,Lever Roler Ulnar Deviation
Forearm,Wrist Flexors,Sled One Hand Grip
Forearm,Wrist Flexors,Sled Grip (plate loaded)
Forearm,Wrist Flexors,Sled One Hand Grip (plate loaded)
Forearm,Wrist Flexors,Praying Wrist Flexor Stretch
Forearm,Wrist Flexors,Seated Wrist Flexor Stretch
Forearm,Wrist Flexors,Single Arm Wrist Flexor Stretch
Forearm,Wrist Flexors,Kneeling Wrist Flexor Stretch
Forearm,Wrist Extensors,Barbell Reverse Wrist Curl
Forearm,Wrist Extensors,Cable Reverse Wrist Curl
Forearm,Wrist Extensors,Cable One Arm Reverse Wrist Curl
Forearm,Wrist Extensors,Cable Roller Wrist Extension
Forearm,Extensor Carpi Radialis,Dumbbell Radial Deviation
Forearm,Wrist Extensors,Dumbbell Reverse Wrist Curl
Forearm,Wrist Extensors,Lever Reverse Wrist Curl (plate loaded)
Forearm,Extensor Carpi Radialis,Lever Radial Deviation
Forearm,Wrist Extensors,Lever Reverse Wrist Curl
Forearm,Wrist Extensors,Lever Roller Wrist Extension
Forearm,Extensor Carpi Radialis,Lever Roller Radial Deviation
Forearm,Wrist Extensors,Kneeling Wrist Extensor Stretch
Forearm,Wrist Extensors,Single Arm Wrist Extensor Stretch
Forearm,Undefined,Dumbbell Lying Pronation (arm up)
Forearm,Undefined,Dumbbell Lying Pronation (arm down)
Forearm,Undefined,Dumbbell Seated Pronation
Forearm,Undefined,Lever Seated Forearm Pronation
Forearm,Undefined,Lever Standing Forearm Pronation
Forearm,Biceps Brachii,Dumbbell Lying Supination
Forearm,Biceps Brachii,Dumbbell Lying Supination (arm down)
Forearm,Biceps Brachii,Dumbbell Seated Supination
Forearm,Biceps Brachii,Lever Seated Forearm Supination
Forearm,Biceps Brachii,Lever Standing Forearm Supination
Back,"Trapezius, Middle",Barbell Bent-over Row
Back,Latissimus Dorsi,Barbell Close Grip Bent-over Row
Back,Latissimus Dorsi,Barbell Underhand Bent-over Row
Back,"Trapezius, Middle",Cambered Bar Lying Row
Back,Erector Spinae,Cable Incline Row
Back,"Trapezius, Middle",Cable Straight Back Incline Row
Back,"Trapezius, Middle",Cable Kneeling Row
Back,"Trapezius, Middle",Cable Lying Row
Back,"Trapezius, Middle",Cable One Arm Bent-over Row
Back,"Trapezius, Middle",Cable One Arm Seated Row
Back,"Trapezius, Middle",Cable Twisting Seated Row
Back,"Trapezius, Middle",Cable One Arm Seated High Row
Back,"Trapezius, Middle",Cable One Arm Straight Back Seated High Row
Back,"Trapezius, Middle",Cable Twisting Seated High Row
Back,"Trapezius, Middle",Cable Seated High Row
Back,"Trapezius, Middle",Cable Alternating Seated High Row
Back,Erector Spinae,Cable Seated Row
Back,"Trapezius, Middle",Cable Straight Back Seated Row
Back,"Trapezius, Middle",Cable Wide Grip Seated Row
Back,"Trapezius, Middle",Cable Wide Grip Straight Back Seated Row
Back,"Trapezius, Middle",Cable Standing Row
Back,"Trapezius, Middle",Cable Standing Low Row
Back,"Trapezius, Middle",Cable Twisting Standing High Row
Back,"Trapezius, Middle",Dumbbell Bent-over Row
Back,"Trapezius, Middle",Dumbbell Lying Row
Back,"Trapezius, Middle",Lever Bent-over Row (plate loaded)
Back,"Trapezius, Middle",Lever Barbell Bent-over Row (plate loaded)
Back,"Trapezius, Middle",Lever One Arm Bent-over Row (plate loaded)
Back,"Trapezius, Middle",Lever Wide Grip Bent-over Row (plate loaded)
Back,"Trapezius, Middle",Lever Incline Row (plate loaded)
Back,"Trapezius, Middle",Lever Close Grip Incline Row (plate loaded)
Back,"Trapezius, Middle",Lever One Arm Standing Row (plate loaded)
Back,"Trapezius, Middle",Lever Narrow Grip Seated Row (plate loaded)
Back,"Trapezius, Middle",Lever Alternating Narrow Grip Seated Row (plate loaded)
Back,"Trapezius, Middle","Lever Wide Grip Seated Row (high bar, plate loaded)"
Back,"Trapezius, Middle",Lever Alternating Wide Grip Seated Row (plate loaded)
Back,"Trapezius, Middle",Lever Wide Grip Seated Row (plate loaded)
Back,Erector Spinae,"Lever Seated Row (no chest pad, plate loaded)"
Back,"Trapezius, Middle","Lever Straight Back Seated Row (no chest pad, plate loaded)"
Back,"Trapezius, Middle",Lever Seated Low Row (plate loaded)
Back,"Trapezius, Middle",Lever Seated High Row (plate loaded)
Back,"Trapezius, Middle",Lever Underhand Seated Row (plate loaded)
Back,"Trapezius, Middle",Lever Alternating Underhand Seated Row (plate loaded)
Back,"Trapezius, Middle",Lever T-bar Row (plate loaded)
Back,"Trapezius, Middle",Lever T-bar Row (plate loaded)
Back,"Trapezius, Middle",Lever Close Grip T-bar Row (plate loaded)
Back,"Trapezius, Middle",Lever Close Grip T-bar Row (plate loaded)
Back,"Trapezius, Middle",Lever Seated High Row
Back,"Trapezius, Middle",Lever Alternating Seated High Row
Back,"Trapezius, Middle",Lever Seated High Row
Back,"Trapezius, Middle",Lever Seated Row
Back,"Trapezius, Middle",Lever Wide Grip Seated Row
Back,Erector Spinae,Lever Seated Row (no chest pad)
Back,"Trapezius, Middle",Lever Straight Back Seated Row (no chest pad)
Back,"Trapezius, Middle",Lever Underhand Seated Row
Back,"Trapezius, Middle",Lever Underhand Seated Row
Back,"Trapezius, Middle",Lever Alternating Underhand Seated Row
Back,"Trapezius, Middle",Smith Bent-over Row
Back,"Trapezius, Middle",Weighted Inverted Row
Back,"Trapezius, Middle",Inverted Row
Back,"Trapezius, Middle",Inverted Row (feet elevated)
Back,"Trapezius, Middle",Inverted Row (high bar)
Back,"Trapezius, Middle",Inverted Row (on hips)
Back,"Trapezius, Middle",Underhand Inverted Row
Back,"Trapezius, Middle",Underhand Inverted Row (high bar)
Back,"Trapezius, Middle",Suspended Row
Back,"Trapezius, Middle",Suspended Inverted Row
Back,"Trapezius, Middle",Suspended Bent-knee Inverted Row
Back,"Trapezius, Middle",Suspended Power Pull
Back,Latissimus Dorsi,Fixed Bar Back Stretch
Back,Latissimus Dorsi,Lever Back Stretch
Back,Latissimus Dorsi,Assisted Parallel Close Grip Pull-up
Back,Latissimus Dorsi,Assisted Parallel Close Grip Pull-up (standing)
Back,Latissimus Dorsi,Assisted Pull-up
Back,Latissimus Dorsi,Assisted Pull-up (open-centered bar)
Back,Latissimus Dorsi,"Assisted Pull-up (open-centered bar, standing)"
Back,Latissimus Dorsi,Assisted Chin-up
Back,Latissimus Dorsi,Barbell Pullover
Back,Latissimus Dorsi,Barbell Bent Arm Pullover
Back,Latissimus Dorsi,Cable Close Grip Pulldown
Back,Latissimus Dorsi,Cable Alternating Close Grip Pulldown
Back,Latissimus Dorsi,Cable One Arm Pulldown
Back,Latissimus Dorsi,Cable Close Grip Pulldown (stirrups)
Back,Latissimus Dorsi,Cable Kneeling Bent-over Pulldown
Back,Latissimus Dorsi,Cable Pulldown
Back,Latissimus Dorsi,Cable Alternating Pulldown
Back,Latissimus Dorsi,Cable Pulldown (pro lat bar)
Back,Latissimus Dorsi,Cable Pulldown (stirrups)
Back,Latissimus Dorsi,Cable Pullover
Back,Latissimus Dorsi,Cable Bent-over Pullover
Back,Latissimus Dorsi,Cable Seated Pullover
Back,Latissimus Dorsi,Cable Pull-up
Back,Latissimus Dorsi,Cable Parallel Grip Pull-up
Back,Latissimus Dorsi,Cable Chin-up
Back,Latissimus Dorsi,Cable Rear Pull-up
Back,Latissimus Dorsi,Cable Rear Pulldown
Back,Latissimus Dorsi,Cable Twisting Standing Overhead Pull
Back,Latissimus Dorsi,Cable Underhand Pulldown
Back,Latissimus Dorsi,Lever Close Grip Pulldown (plate-loaded)
Back,Latissimus Dorsi,Lever Front Pulldown (plate loaded)
Back,Latissimus Dorsi,Lever Pulldown (plate loaded)
Back,Latissimus Dorsi,Lever Pullover (plate loaded)
Back,Latissimus Dorsi,Lever Rear Pulldown (plate loaded)
Back,Latissimus Dorsi,Lever Underhand Pulldown (plate loaded)
Back,Latissimus Dorsi,Lever Underhand Pulldown (plate loaded)
Back,Latissimus Dorsi,Lever Close Grip Pulldown
Back,Latissimus Dorsi,Lever Close Grip Pulldown
Back,Latissimus Dorsi,Lever Front Pulldown
Back,Latissimus Dorsi,Lever Iron Cross
Back,Latissimus Dorsi,Lever Pulldown
Back,Latissimus Dorsi,Lever Pulldown
Back,Latissimus Dorsi,Lever Pulldown (parallel grip)
Back,Latissimus Dorsi,Lever Pullover
Back,Latissimus Dorsi,Lever Underhand Pulldown
Back,Latissimus Dorsi,Lever Underhand Pulldown
Back,Latissimus Dorsi,Lever Alternating Underhand Pulldown
Back,Latissimus Dorsi,Weighted Chin-up
Back,Latissimus Dorsi,Weighted Parallel Close Grip Pull-up
Back,Latissimus Dorsi,Weighted Pull-up
Back,Latissimus Dorsi,Weighted Pull-up (neutral grip)
Back,Latissimus Dorsi,Weighted Pull-up (open-centered bar)
Back,Latissimus Dorsi,Weighted Rear Pull-up
Back,Latissimus Dorsi,Chin-up
Back,Latissimus Dorsi,Parallel Close Grip Pull-up
Back,Latissimus Dorsi,Pull-up
Back,Latissimus Dorsi,Pull-up (neutral grip)
Back,Latissimus Dorsi,Pull-up (open-centered bar)
Back,Latissimus Dorsi,Rear Pull-up
Back,Latissimus Dorsi,Assisted Chin-up (partner)
Back,Latissimus Dorsi,Assisted Rear Pull-up (partner)
Back,Latissimus Dorsi,Assisted Pull-up (partner)
Back,Latissimus Dorsi,Self-assisted Chin-up
Back,Latissimus Dorsi,Self-assisted Pull-up
Back,Latissimus Dorsi,Self-assisted Rear Pull-up
Back,Latissimus Dorsi,Suspended Pull-up
Back,Latissimus Dorsi,Suspended Self-assisted Pull-up
Back,Rectus Abdominis,Stability Ball Rollout
Back,Iliopsoas,Wheel Rollout
Back,Rectus Abdominis,Suspended Rollout
Back,Latissimus Dorsi,Bar Lat Stretch
Back,Latissimus Dorsi,Bent-over Lat Stretch
Back,Latissimus Dorsi,Bent-over Lat Stretch (on chair or bench)
Back,Latissimus Dorsi,Lever Lat Stretch
Back,Latissimus Dorsi,Overhead Lat Stretch
Back,Latissimus Dorsi,PNF Overhead Lat Stretch
Back,Latissimus Dorsi,Seated Side Reach Lat Stretch
Back,Latissimus Dorsi,Standing Side Reach Lat Stretch
Back,Latissimus Dorsi,Wall Lat Stretch
Back,"Trapezius, Upper",Barbell Shrug
Back,"Trapezius, Upper",Cambered Barbell Seated Shrug
Back,"Trapezius, Upper",Trap Bar Shrug
Back,"Trapezius, Upper",Trap Bar Shrug (elevated stand)
Back,"Trapezius, Upper",Cable Shrug
Back,"Trapezius, Upper",Cable Bar Shrug
Back,"Trapezius, Upper",Cable Shrug (dual pulley)
Back,"Trapezius, Upper",Cable Shrug (with stirrups)
Back,"Trapezius, Upper",Cable One Arm Shrug
Back,"Trapezius, Upper",Dumbbell Shrug
Back,"Trapezius, Upper",Lever Gripless Shrug (plate loaded)
Back,"Trapezius, Upper",Lever Shrug (plate loaded)
Back,"Trapezius, Upper",Lever Barbell Shrug (plate loaded)
Back,"Trapezius, Upper",Lever Narrow Grip Shrug (plate loaded)
Back,"Trapezius, Upper",Lever Seated Shrug (plate loaded)
Back,"Trapezius, Upper",Lever Gripless Shrug
Back,"Trapezius, Upper",Lever Seated Gripless Shrug
Back,"Trapezius, Upper",Lever Shrug
Back,"Trapezius, Upper",Sled Gripless Shrug
Back,"Trapezius, Upper",Smith Shrug
Back,"Trapezius, Upper",Inverted Shrug (on parallel bars)
Back,"Trapezius, Upper",Suspended Inverted Shrug
Back,"Trapezius, Upper",Upper Trapezius Stretch
Back,Rhomboids,Fixed Bar Rhomboids Stretch
Back,Rhomboids,Hugging Stretch
Back,Infraspinatus,Cable Seated Shoulder External Rotation
Back,Infraspinatus,Cable Standing Shoulder External Rotation
Back,Teres Minor,Cable Upright Shoulder External Rotation
Back,Infraspinatus,Dumbbell Lying Shoulder External Rotation
Back,Infraspinatus,Dumbbell Incline Shoulder External Rotation
Back,Teres Minor,Dumbbell Seated Shoulder External Rotation
Back,Teres Minor,Dumbbell Upright Shoulder External Rotation
Back,Teres Minor,Dumbbell Upright Shoulder External Rotation (with support)
Back,Infraspinatus,Lever Shoulder External Rotation
Back,Teres Minor,Lever Upright Shoulder External Rotation
Back,Teres Minor,Broom Stick Infraspinatus Stretch
Back,Infraspinatus,Bent-over Infraspinatus Stretch
Back,Infraspinatus,Seated Bent-over Infraspinatus Stretch
Back,Infraspinatus,Side Lying Infraspinatus Stretch
Back,Teres Minor,Side Lying Teres Minor Stretch
Back,Infraspinatus,Suspended Shoulder External Rotation
Back,Subscapularis,Cable Seated Shoulder Internal Rotation
Back,Subscapularis,Cable Standing Shoulder Internal Rotation
Back,Subscapularis,Dumbbell Shoulder Internal Rotation (on bench)
Back,Subscapularis,Dumbbell Shoulder Internal Rotation (on floor)
Back,Subscapularis,Lever Shoulder Internal Rotation
Back,Subscapularis,Lever Upright Shoulder Internal Rotation
Back,Subscapularis,Broom Stick Subscapularis Stretch
Back,Subscapularis,Doorway Subscapularis Stretch
Chest,"Pectoralis Major, Sternal",Assisted Chest Dip
Chest,"Pectoralis Major, Sternal",Assisted Chest Dip (kneeling)
Chest,"Pectoralis Major, Sternal",Barbell Bench Press
Chest,"Pectoralis Major, Sternal",Barbell Bench Press (power lift)
Chest,"Pectoralis Major, Sternal",Barbell Board Press
Chest,"Pectoralis Major, Sternal",Barbell Floor Press
Chest,"Pectoralis Major, Sternal",Barbell Guillotine Bench Press
Chest,"Pectoralis Major, Sternal",Barbell Bench Press (with chains)
Chest,"Pectoralis Major, Sternal",Barbell Decline Bench Press
Chest,"Pectoralis Major, Sternal",Cable Chest Dip
Chest,"Pectoralis Major, Sternal",Cable Decline Fly
Chest,"Pectoralis Major, Sternal",Cable Lying Fly
Chest,"Pectoralis Major, Sternal",Cable Seated Fly
Chest,"Pectoralis Major, Sternal",Cable Standing Fly
Chest,"Pectoralis Major, Sternal",Cable Bench Press
Chest,"Pectoralis Major, Sternal",Cable Bar Bench Press
Chest,"Pectoralis Major, Sternal",Cable Chest Press
Chest,"Pectoralis Major, Sternal",Cable One Arm Chest Press
Chest,"Pectoralis Major, Sternal",Cable Standing Chest Press
Chest,"Pectoralis Major, Sternal",Cable Bar Standing Chest Press
Chest,"Pectoralis Major, Sternal",Cable Twisting Chest Press
Chest,"Pectoralis Major, Sternal",Cable Decline Chest Press
Chest,"Pectoralis Major, Sternal",Cable Standing Decline Chest Press
Chest,"Pectoralis Major, Sternal",Cable Bar Standing Decline Chest Press
Chest,"Pectoralis Major, Sternal",Cable Twisting Standing Chest Press
Chest,"Pectoralis Major, Sternal",Dumbbell Bench Press
Chest,"Pectoralis Major, Sternal",Dumbbell Decline Bench Press
Chest,"Pectoralis Major, Sternal",Dumbbell Decline Fly
Chest,"Pectoralis Major, Sternal",Dumbbell Fly
Chest,"Pectoralis Major, Sternal",Dumbbell Pullover
Chest,"Pectoralis Major, Sternal",Dumbbell Pullover (on apparatus)
Chest,"Pectoralis Major, Sternal",Dumbbell Pullover (on arched bench)
Chest,"Pectoralis Major, Sternal",Lever Bench Press (plate loaded)
Chest,"Pectoralis Major, Sternal",Lever Barbell Bench Press (plate loaded)
Chest,"Pectoralis Major, Sternal",Lever Chest Dip (plate loaded)
Chest,"Pectoralis Major, Sternal",Lever Chest Press (plate loaded)
Chest,"Pectoralis Major, Sternal",Lever Decline Chest Press (plate loaded)
Chest,"Pectoralis Major, Sternal",Lever Decline Chest Press (plate loaded)
Chest,"Pectoralis Major, Sternal",Lever Wide Grip Chest Press (plate loaded)
Chest,"Pectoralis Major, Sternal",Lever Chest Dip
Chest,"Pectoralis Major, Sternal",Lever Chest Dip
Chest,"Pectoralis Major, Sternal",Lever Bent-over Fly (on iron cross machine)
Chest,"Pectoralis Major, Sternal",Lever Seated Decline Fly (gripless)
Chest,"Pectoralis Major, Sternal",Lever Lying Fly
Chest,"Pectoralis Major, Sternal",Lever Pec Deck Fly
Chest,"Pectoralis Major, Sternal",Lever Decline Pec Deck Fly
Chest,"Pectoralis Major, Sternal",Lever Seated Fly
Chest,"Pectoralis Major, Sternal",Lever Seated Fly
Chest,"Pectoralis Major, Sternal",Lever Seated Fly (gripless)
Chest,"Pectoralis Major, Sternal",Lever Seated Iron Cross Fly
Chest,"Pectoralis Major, Sternal",Lever Bench Press
Chest,"Pectoralis Major, Sternal",Lever Chest Press
Chest,"Pectoralis Major, Sternal",Lever Alternating Chest Press
Chest,"Pectoralis Major, Sternal",Lever Chest Press
Chest,"Pectoralis Major, Sternal",Lever Parallel Grip Chest Press
Chest,"Pectoralis Major, Sternal",Lever Decline Chest Press
Chest,"Pectoralis Major, Sternal",Lever Alternating Decline Chest Press
Chest,"Pectoralis Major, Sternal",Lever Decline Bench Press
Chest,"Pectoralis Major, Sternal",Smith Bench Press
Chest,"Pectoralis Major, Sternal",Smith Decline Bench Press
Chest,"Pectoralis Major, Sternal",Weighted Chest Dip
Chest,"Pectoralis Major, Sternal",Weighted Push-up
Chest,"Pectoralis Major, Sternal",Weighted Push-up (on handles)
Chest,"Pectoralis Major, Sternal",Chest Dip
Chest,"Pectoralis Major, Sternal",Chest Dip (between benches)
Chest,"Pectoralis Major, Sternal",Chest Dip (bent knees between benches)
Chest,"Pectoralis Major, Sternal",Push-up
Chest,"Pectoralis Major, Sternal",Incline Push-up
Chest,"Pectoralis Major, Sternal",Incline Push-up (on bar)
Chest,"Pectoralis Major, Sternal",Push-up (on knees)
Chest,"Pectoralis Major, Sternal",Self-assisted Chest Dip
Chest,"Pectoralis Major, Sternal",Suspended Chest Dip
Chest,"Pectoralis Major, Sternal",Suspended Self-assisted Chest Dip
Chest,"Pectoralis Major, Sternal",Suspended Chest Press
Chest,"Pectoralis Major, Sternal",Suspended Fly
Chest,Undefined,Clap Push-up
Chest,Undefined,Depth Push-up
Chest,"Pectoralis Major, Sternal",Behind Head Chest Stretch
Chest,"Pectoralis Major, Sternal",PNF Behind Head Chest Stretch
Chest,"Pectoralis Major, Sternal",Doorway Chest Stretch
Chest,"Pectoralis Major, Sternal",Straight Arm Chest Stretch
Chest,Pectoralis Minor,Doorway Modified Chest Stretch
Chest,"Pectoralis Major, Clavicular",Barbell Incline Bench Press
Chest,"Pectoralis Major, Clavicular",Cable Incline Bench Press
Chest,"Pectoralis Major, Clavicular",Cable Bar Incline Bench Press
Chest,"Pectoralis Major, Clavicular",Cable Incline Chest Press
Chest,"Pectoralis Major, Clavicular",Cable Standing Incline Chest Press
Chest,"Pectoralis Major, Clavicular",Cable Bar Standing Incline Chest Press
Chest,"Pectoralis Major, Clavicular",Cable One Arm Standing Incline Chest Press
Chest,"Pectoralis Major, Clavicular",Cable Incline Fly
Chest,"Pectoralis Major, Clavicular",Cable Standing Incline Fly
Chest,"Pectoralis Major, Clavicular",Dumbbell Incline Bench Press
Chest,"Pectoralis Major, Clavicular",Dumbbell Incline Fly
Chest,"Pectoralis Major, Clavicular",Lever Incline Bench Press (plate loaded)
Chest,"Pectoralis Major, Clavicular",Lever Barbell Incline Bench Press (plate loaded)
Chest,"Pectoralis Major, Clavicular",Lever Parallel Grip Incline Bench Press (plate loaded)
Chest,"Pectoralis Major, Clavicular",Lever Incline Chest Press (plate loaded)
Chest,"Pectoralis Major, Clavicular",Lever Incline Bench Press
Chest,"Pectoralis Major, Clavicular",Lever Parallel Grip Incline Bench Press
Chest,"Pectoralis Major, Clavicular",Lever Incline Chest Press
Chest,"Pectoralis Major, Clavicular",Lever Alternating Incline Chest Press
Chest,"Pectoralis Major, Clavicular",Lever Parallel Grip Incline Chest Press
Chest,"Pectoralis Major, Clavicular",Lever Incline Fly
Chest,"Pectoralis Major, Clavicular",Smith Incline Bench Press
Chest,"Pectoralis Major, Clavicular",Decline Push-up
Chest,"Pectoralis Major, Clavicular",Decline Push-up (on stability ball)
Chest,"Pectoralis Major, Clavicular",Pike Push-up
Chest,"Pectoralis Major, Sternal",Assisted Chest Dip
Chest,"Pectoralis Major, Sternal",Cable Standing Fly
Chest,"Pectoralis Major, Sternal",Lever Chest Dip
Chest,"Pectoralis Major, Sternal",Weighted Chest Dip
Chest,Pectoralis Minor,Doorway Modified Chest Stretch
Chest,Pectoralis Minor,Lying Shoulder Girdle Stretch
Chest,Pectoralis Minor,Towel Shoulder Girdle Stretch
Chest,Pectoralis Minor,Wall Shoulder Girdle Stretch
Chest,Serratus Anterior,Barbell Incline Shoulder Raise
Chest,Serratus Anterior,Cable Incline Shoulder Raise
Chest,Serratus Anterior,Cable One Arm Incline Push
Chest,Serratus Anterior,Dumbbell Incline Shoulder Raise
Chest,Serratus Anterior,Lever Incline Shoulder Raise (plate loaded)
Chest,Serratus Anterior,Lever Incline Shoulder Raise
Chest,Serratus Anterior,Smith Incline Shoulder Raise
Chest,"Pectoralis Major, Clavicular",Cable One Arm Standing Incline Chest Press
Chest,"Pectoralis Major, Sternal",Cable Twisting Chest Press
Chest,Undefined,Clap Push-up
Chest,Undefined,Depth Push-up
Waist,Rectus Abdominis,Barbell Push Crunch
Waist,Rectus Abdominis,Barbell Push Sit-up
Waist,Rectus Abdominis,Cable Lying Crunch (on stability ball)
Waist,Rectus Abdominis,Cable Lying Leg-Hip Raise
Waist,Rectus Abdominis,Cable Lying Leg-Hip Raise (on bench)
Waist,Rectus Abdominis,Cable Lying Straight Leg-Hip Raise
Waist,Rectus Abdominis,Cable Kneeling Crunch
Waist,Rectus Abdominis,Cable Seated Crunch
Waist,Rectus Abdominis,Cable Overhead Seated Crunch
Waist,Rectus Abdominis,Cable Seated Crunch (plate loaded)
Waist,Rectus Abdominis,Cable Standing Crunch
Waist,Rectus Abdominis,Cable Standing Overhead Crunch
Waist,Rectus Abdominis,Cable Standing Overhead Crunch (multi-exercise bar)
Waist,Rectus Abdominis,Dumbbell Push Crunch
Waist,Rectus Abdominis,Dumbbell Push Sit-up
Waist,Rectus Abdominis,Lever Lying Leg Raise Crunch (plate loaded)
Waist,Rectus Abdominis,Lever Lying Crunch (plate loaded)
Waist,Rectus Abdominis,Lever Lying Leg-Hip Raise (plate loaded)
Waist,Rectus Abdominis,Lever Seated Leg Raise Crunch (plate loaded)
Waist,Rectus Abdominis,Lever Vertical Leg-Hip Raise (plate loaded)
Waist,Rectus Abdominis,Lever Lying Crunch
Waist,Rectus Abdominis,Lever Push Crunch
Waist,Rectus Abdominis,Lever Seated Crunch
Waist,Rectus Abdominis,Lever Seated Crunch (arm bar)
Waist,Rectus Abdominis,Lever Seated Crunch (arm pad)
Waist,Rectus Abdominis,Lever Seated Crunch (chest pad)
Waist,Rectus Abdominis,Lever Seated Leg Raise Crunch
Waist,Rectus Abdominis,Lever Side Lying Leg Hip Raise
Waist,Rectus Abdominis,Sled Leg Hip Raise (ab coaster)
Waist,Rectus Abdominis,Weighted Crunch
Waist,Rectus Abdominis,Weighted Crunch (plate on chest)
Waist,Rectus Abdominis,Weighted Crunch (on stability ball)
Waist,Rectus Abdominis,Weighted Overhead Crunch (on stability ball)
Waist,Rectus Abdominis,Weighted Incline Crunch
Waist,Rectus Abdominis,Weighted Incline Crunch (arms crossed)
Waist,Rectus Abdominis,Weighted Incline Sit-up
Waist,Rectus Abdominis,Weighted Incline Sit-up (arms crossed)
Waist,Rectus Abdominis,Medicine Ball Sit-up (machine)
Waist,Rectus Abdominis,Weighted Sit-up
Waist,Rectus Abdominis,Weighted Sit-up (arms on chest)
Waist,Rectus Abdominis,Weighted Hanging Leg-Hip Raise
Waist,Rectus Abdominis,Weighted Incline Leg-Hip Raise
Waist,Rectus Abdominis,Weighted Lying Leg-Hip Raise
Waist,Rectus Abdominis,Weighted Vertical Leg-Hip Raise
Waist,Rectus Abdominis,Weighted Vertical Leg-Hip Raise (Bosu support)
Waist,Rectus Abdominis,Weighted Vertical Leg-Hip Raise (on parallel bars)
Waist,Obliques,Cable Standing Twisting Crunch
Waist,Obliques,Lever Seated Twisting Leg Raise Crunch (plate loaded)
Waist,Obliques,Weighted Incline Twisting Crunch (arms crossed)
Waist,Obliques,Weighted Side Crunch
Waist,Obliques,Weighted Side Crunch (on stability ball)
Waist,Obliques,Weighted Twisting Crunch
Waist,Obliques,Weighted Twisting Crunch (on stability ball)
Waist,Obliques,Weighted Incline Twisting Situp
Waist,Obliques,Weighted Incline Twisting Situp (arms crossed)
Waist,Obliques,Weighted Twisting Situp
Waist,Obliques,Weighted Twisting Situp (arms crossed)
Waist,Rectus Abdominis,Crunch
Waist,Rectus Abdominis,Crunch (arms crossed)
Waist,Rectus Abdominis,Crunch (arms down)
Waist,Rectus Abdominis,Crunch Up
Waist,Rectus Abdominis,Incline Crunch
Waist,Rectus Abdominis,Incline Crunch (arms down)
Waist,Rectus Abdominis,Ball Crunch (on stability ball)
Waist,Rectus Abdominis,"Crunch (on stability ball, arms crossed)"
Waist,Rectus Abdominis,Jack-knife Sit-up
Waist,Rectus Abdominis,Hanging Leg-Hip Raise
Waist,Rectus Abdominis,Hanging Straight Leg-Hip Raise
Waist,Rectus Abdominis,Incline Leg-Hip Raise
Waist,Rectus Abdominis,Lying Leg-Hip Raise
Waist,Rectus Abdominis,Leg-Hip Raise (on stability ball)
Waist,Rectus Abdominis,Vertical Leg-Hip Raise
Waist,Rectus Abdominis,Vertical Leg-Hip Raise (parallel bars)
Waist,Rectus Abdominis,Vertical Straight Leg-Hip Raise (parallel bars)
Waist,Rectus Abdominis,Vertical Leg-Hip Raise (Bosu support)
Waist,Rectus Abdominis,Incline Sit-up
Waist,Rectus Abdominis,Incline Sit-up (arms crossed)
Waist,Rectus Abdominis,Inverted Sit-up
Waist,Rectus Abdominis,Sit-up
Waist,Rectus Abdominis,Sit-up (arms crossed)
Waist,Rectus Abdominis,Sit-up (arms down)
Waist,Rectus Abdominis,V-up
Waist,Rectus Abdominis,Suspended Jack-knife
Waist,Rectus Abdominis,Suspended Jack-knife Pike
Waist,Rectus Abdominis,Suspended Pull Through
Waist,Rectus Abdominis,Suspended Rollout
Waist,Undefined,Medicine Ball Sit-up Throw (with partner)
Waist,Rectus Abdominis,Front Plank
Waist,Rectus Abdominis,Stability Ball Rollout
Waist,Rectus Abdominis,Kneeling Abdominal Stretch
Waist,Rectus Abdominis,Lying (prone) Abdominal Stretch
Waist,Rectus Abdominis,Lying (supine) Abdominal Stretch
Waist,Rectus Abdominis,Standing Abdominal Stretch
Waist,Transverse Abdominis,Abdominal Vacuum
Waist,Obliques,Cable Kneeling Twisting Crunch
Waist,Obliques,Cable Russian Twist (on stability ball)
Waist,Obliques,Cable Side Bend
Waist,Obliques,Cable Side Crunch
Waist,Obliques,Cable Seated Twist
Waist,Obliques,Cable Standing Twisting Crunch
Waist,Obliques,Cable Standing Twisting Crunch (single side)
Waist,Obliques,Cable Twist
Waist,Obliques,Cable Twist (down up)
Waist,Obliques,Cable Twist (up down)
Waist,Obliques,Dumbbell 45° Side Bend
Waist,Obliques,Dumbbell Russian Twist (on stability ball)
Waist,Obliques,Dumbbell Side Bend
Waist,Obliques,Lever Barbell Side Bend (plate loaded)
Waist,Obliques,Lever Seated Twisting Leg Raise Crunch (plate loaded)
Waist,Obliques,Lever Seated Side Leg Raise Crunch (plate loaded)
Waist,Obliques,Lever Kneeling Twist
Waist,Obliques,Lever Lying Twist
Waist,Obliques,Lever Seated Side Bend
Waist,Obliques,Lever Seated Twist
Waist,Obliques,Lever Seated Twist
Waist,Obliques,Lever Seated Twist
Waist,Obliques,Lever Seated Twist (gripless)
Waist,Obliques,Lever Seated Side Crunch
Waist,Obliques,Lever Standing Side Bend
Waist,Obliques,Sled Side Leg Hip Raise (ab coaster)
Waist,Obliques,Weighted Lying Twist
Waist,Obliques,Weighted Bent-knee Lying Twist
Waist,Obliques,Weighted Russian Twist (on stability ball)
Waist,Obliques,Weighted 45° Side Bend
Waist,Obliques,Weighted Side Bend (on stability ball)
Waist,Obliques,Weighted Incline Twisting Crunch (arms crossed)
Waist,Obliques,Weighted Side Crunch
Waist,Obliques,Weighted Side Crunch (on stability ball)
Waist,Obliques,Weighted Twisting Crunch
Waist,Obliques,Weighted Twisting Crunch (on stability ball)
Waist,Obliques,Weighted Incline Twisting Situp
Waist,Obliques,Weighted Incline Twisting Situp (arms crossed)
Waist,Obliques,Weighted Twisting Situp
Waist,Obliques,Weighted Twisting Situp (arms crossed)
Waist,Undefined,Cable Push Pull
Waist,"Trapezius, Middle",Cable Twisting Seated Row
Waist,"Trapezius, Middle",Cable One Arm Seated High Row
Waist,Erector Spinae,Dumbbell One Arm Straight Leg Deadlift
Waist,Undefined,Lever One Arm Jammer Press (plate loaded)
Waist,Undefined,Lever Power Twist (plate loaded)
Waist,Undefined,Lever Push Pull (plate loaded)
Waist,Obliques,Angled Side Bridge
Waist,Obliques,Lying Twist
Waist,Obliques,Bent-knee Lying Twist
Waist,Obliques,Plank Twist (on stability ball)
Waist,Obliques,Side Bend (on stability ball)
Waist,Obliques,Side Bridge
Waist,Obliques,Bent Knee Side Bridge
Waist,Obliques,Incline Twisting Situp
Waist,Obliques,Incline Twisting Situp (arms crossed)
Waist,Obliques,Twisting Situp
Waist,Obliques,Twisting Situp (arms crossed)
Waist,Obliques,Incline Twisting Crunch
Waist,Obliques,Incline Twisting Crunch (arms crossed)
Waist,Obliques,Side Crunch
Waist,Obliques,Side Crunch (on stability ball)
Waist,Obliques,Twisting Crunch
Waist,Obliques,Twisting Crunch (arms crossed)
Waist,Obliques,Twisting Crunch (on stability ball)
Waist,Obliques,Suspended Side Bend
Waist,Obliques,Suspended Side Bridge
Waist,Obliques,Suspended Twist
Waist,Obliques,Suspended Twisting Jack-knife
Waist,Undefined,Broom Stick Twist
Waist,Undefined,Medicine Ball Seated Twist (with partner)
Waist,Undefined,Medicine Ball Seated Twist (on apparatus)
Waist,Undefined,Medicine Ball Standing Twist (with partner)
Waist,Undefined,Medicine Ball Standing Twist (on apparatus)
Waist,Obliques,Side Plank
Waist,Obliques,Bent Knee Side Plank
Waist,Obliques,Lying Bent Leg Oblique Stretch
Waist,Obliques,Lying Crossover Stretch
Waist,Obliques,Pretzel Stretch
Waist,Obliques,Seated Bent Leg Oblique Stretch
Waist,Erector Spinae,Barbell Hyperextension
Waist,Erector Spinae,Barbell Back Extension (on hyperextension apparatus)
Waist,Erector Spinae,Barbell 45-degree Hyperextension
Waist,Erector Spinae,Barbell 45-degree Back Extension (on hyperextension apparatus)
Waist,Erector Spinae,Barbell Bent Knee Good-morning
Waist,Erector Spinae,Barbell Deadlift
Waist,Gluteus Maximus,Barbell Block Pull
Waist,Erector Spinae,Barbell Deficit Deadlift
Waist,Erector Spinae,Barbell Rack Pull
Waist,Erector Spinae,Barbell Sumo Deadlift
Waist,Erector Spinae,Barbell Sumo Block Pull
Waist,Erector Spinae,Barbell Stiff Leg Deadlift
Waist,Erector Spinae,Barbell Straight Leg Deadlift
Waist,Erector Spinae,Trap Bar Deadlift
Waist,Erector Spinae,Trap Bar Stiff Leg Deadlift
Waist,Erector Spinae,Trap Bar Straight Leg Deadlift
Waist,Erector Spinae,Cable Stiff Leg Deadlift
Waist,Erector Spinae,Cable Straight Leg Deadlift
Waist,Erector Spinae,Dumbbell Straight Leg Deadlift
Waist,Erector Spinae,Dumbbell One Arm Straight Leg Deadlift
Waist,Erector Spinae,Lever Deadlift (plate loaded)
Waist,Erector Spinae,Lever Stiff Leg Deadlift (plate loaded)
Waist,Erector Spinae,Lever Straight Leg Deadlift (plate loaded)
Waist,Erector Spinae,Lever Back Extension
Waist,Erector Spinae,Lever Back Extension
Waist,Erector Spinae,Lever Back Extension
Waist,Erector Spinae,Lever Kneeling Back Extension
Waist,Erector Spinae,Smith Bent Knee Good-morning
Waist,Erector Spinae,Smith Deadlift
Waist,Erector Spinae,Smith Stiff Leg Deadlift
Waist,Erector Spinae,Smith Straight Leg Deadlift
Waist,Splenius,Weighted Hyperextension
Waist,Splenius,Weighted Back Extension (on hyperextension apparatus)
Waist,Splenius,Weighted Back Extension (on stability ball)
Waist,Splenius,Weighted 45-degree Hyperextension
Waist,Splenius,Weighted 45-degree Back Extension (on hyperextension apparatus)
Waist,Erector Spinae,Cable Seated Row
Waist,"Trapezius, Middle",Cable Wide Grip Seated Row
Waist,Erector Spinae,"Back Extension (on stability ball, arms down)"
Waist,Erector Spinae,"Back Extension (on stability ball, arms crossed)"
Waist,Erector Spinae,"Back Extension (on stability ball, arms up)"
Waist,Erector Spinae,Bird Dog
Waist,Erector Spinae,Alternating Bird Dog
Waist,Erector Spinae,Bird Dog (on stability ball)
Waist,Erector Spinae,Alternating Bird Dog (on exercise ball)
Waist,Splenius,Hyperextension
Waist,Erector Spinae,Hyperextension (arms crossed)
Waist,Erector Spinae,Hyperextension (hands behind hips)
Waist,Erector Spinae,Superman
Waist,Erector Spinae,Contralateral Superman
Waist,Erector Spinae,Suspended Hyerextension
Waist,Erector Spinae,Suspended Pull Through
Waist,Erector Spinae,Rear Decline Bridge
Waist,Erector Spinae,Rear Incline Bridge
Waist,Erector Spinae,Cat Stretch
Waist,Erector Spinae,Cat Movement
Waist,Erector Spinae,Bent-over Cat Stretch
Waist,Erector Spinae,Lever Lower Back Stretch
Waist,Erector Spinae,Lying Lower Back Stretch
Waist,Erector Spinae,Seated Lower Back Stretch
Waist,Erector Spinae,Seated Bent-over Lower Back Stretch
Waist,Erector Spinae,Squatting Lower Back Stretch
Waist,Erector Spinae,Plow Stretch
Hip,Gluteus Maximus,Barbell Bent Knee Good-morning
Hip,Gluteus Maximus,Barbell Seated Good-morning
Hip,Gluteus Maximus,Barbell Deadlift
Hip,Gluteus Maximus,Barbell Block Pull
Hip,Gluteus Maximus,Barbell Deficit Deadlift
Hip,Gluteus Maximus,Barbell Rack Pull
Hip,Gluteus Maximus,Barbell Sumo Deadlift
Hip,Gluteus Maximus,Barbell Sumo Block Pull
Hip,Gluteus Maximus,Barbell Stiff Leg Deadlift
Hip,Gluteus Maximus,Barbell Single Leg Stiff-leg Deadlift
Hip,Gluteus Maximus,Barbell Straight-back Stiff-leg Deadlift
Hip,Gluteus Maximus,Barbell Lunge
Hip,Gluteus Maximus,Barbell Rear Lunge
Hip,Gluteus Maximus,Barbell Side Lunge
Hip,Gluteus Maximus,Barbell Walking Lunge
Hip,Gluteus Maximus,Barbell Single Leg Split Squat
Hip,Gluteus Maximus,Barbell Side Split Squat
Hip,Gluteus Maximus,Barbell Single Leg Squat
Hip,Gluteus Maximus,Barbell Split Squat
Hip,Gluteus Maximus,Barbell Squat (power lift)
Hip,Gluteus Maximus,Barbell Box Squat
Hip,Gluteus Maximus,Barbell Front Squat
Hip,Gluteus Maximus,Barbell Full Squat
Hip,Gluteus Maximus,Barbell Hack Squat
Hip,Gluteus Maximus,Safety Barbell Squat
Hip,Gluteus Maximus,Safety Barbell Squat (long handles)
Hip,Gluteus Maximus,Safety Barbell Squat (self-spotting)
Hip,Gluteus Maximus,Trap Bar Squat
Hip,Gluteus Maximus,Barbell Squat (with chains)
Hip,Gluteus Maximus,Barbell Zercher Squat
Hip,Gluteus Maximus,Barbell Step-up
Hip,Gluteus Maximus,Barbell Lateral Step-up
Hip,Gluteus Maximus,Trap Bar Deadlift
Hip,Gluteus Maximus,Trap Bar Stiff Leg Deadlift
Hip,Gluteus Maximus,Trap Bar Straight-back Stiff-leg Deadlift
Hip,Gluteus Maximus,Cable Rear Lunge
Hip,Gluteus Maximus,Cable Rear Step-down Lunge
Hip,Gluteus Maximus,Cable Single Leg Split Squat
Hip,Gluteus Maximus,Cable One Arm Single Leg Split Squat
Hip,Gluteus Maximus,Cable Split Squat (belt)
Hip,Gluteus Maximus,Cable Split Squat
Hip,Gluteus Maximus,Cable One Arm Split Squat
Hip,Gluteus Maximus,Cable Squat
Hip,Gluteus Maximus,Cable Bar Squat
Hip,Gluteus Maximus,Cable Belt Squat
Hip,Gluteus Maximus,Cable Standing Hip Extension
Hip,Gluteus Maximus,Cable Bent-over Hip Extension
Hip,Gluteus Maximus,Cable Step-up
Hip,Gluteus Maximus,Cable Stiff Leg Deadlift
Hip,Gluteus Maximus,Cable Straight-back Stiff-leg Deadlift
Hip,Gluteus Maximus,Dumbbell Lunge
Hip,Gluteus Maximus,Dumbbell Rear Lunge
Hip,Gluteus Maximus,Dumbbell Side Lunge
Hip,Gluteus Maximus,Dumbbell Walking Lunge
Hip,Gluteus Maximus,Dumbell Single Leg Stiff-leg Deadlift
Hip,Gluteus Maximus,Dumbbell Squat
Hip,Gluteus Maximus,Dumbbell Front Squat
Hip,Gluteus Maximus,Dumbbell Single Leg Split Squat
Hip,Gluteus Maximus,Dumbbell Single Leg Squat
Hip,Gluteus Maximus,Dumbbell Split Squat
Hip,Gluteus Maximus,Dumbbell Step-up
Hip,Gluteus Maximus,Dumbbell Lateral Step-up
Hip,Gluteus Maximus,Dumbbell Step Down
Hip,Gluteus Maximus,Lever Bent-over Rear Kick (plate loaded)
Hip,Gluteus Maximus,Lever Deadlift (plate loaded)
Hip,Gluteus Maximus,Lever Stiff Leg Deadlift (plate loaded)
Hip,Gluteus Maximus,Lever Straight-back Stiff-leg Deadlift (plate loaded)
Hip,Gluteus Maximus,Lever 45° Leg Press (plate loaded)
Hip,Gluteus Maximus,Lever Single Leg 45° Leg Press
Hip,Gluteus Maximus,Lever Hack Press (plate loaded)
Hip,Gluteus Maximus,Lever Lying Leg Press (plate loaded)
Hip,Gluteus Maximus,Lever Lying Leg Press (custom - plate loaded)
Hip,Gluteus Maximus,Lever Single Leg Lying Leg Press (custom - plate loaded)
Hip,Gluteus Maximus,Lever Seated Leg Press (plate loaded)
Hip,Gluteus Maximus,Lever Alternating Seated Leg Press (plate loaded)
Hip,Gluteus Maximus,Lever Lying Hip Extension (plate loaded)
Hip,Gluteus Maximus,Lever Power Runner (plate loaded)
Hip,Gluteus Maximus,Lever Rear Lunge (plate loaded)
Hip,Gluteus Maximus,Lever Barbell Rear Lunge (plate loaded)
Hip,Gluteus Maximus,Lever Reverse Hyper-extension (plate loaded)
Hip,Gluteus Maximus,Lever Single Leg Split Squat (plate loaded)
Hip,Gluteus Maximus,Lever Barbell Single Leg Split Squat (plate loaded)
Hip,Gluteus Maximus,Lever Single Leg Squat (plate loaded)
Hip,Gluteus Maximus,Lever Split Squat (plate loaded)
Hip,Gluteus Maximus,Lever Barbell Split Squat (plate loaded)
Hip,Gluteus Maximus,Lever Sliding Split Squat (plate loaded)
Hip,Gluteus Maximus,Lever Squat
Hip,Gluteus Maximus,Lever Barbell Squat (plate loaded)
Hip,Gluteus Maximus,Lever Front Squat
Hip,Gluteus Maximus,Lever Full Squat (plate loaded)
Hip,Gluteus Maximus,Lever Hack Squat (plate loaded)
Hip,Gluteus Maximus,Lever V-Squat (plate loaded)
Hip,Gluteus Maximus,Lever Bent-over Hip Extension
Hip,Gluteus Maximus,Lever Kneeling Hip Extension
Hip,Gluteus Maximus,Lever Alternating Kneeling Hip Extension
Hip,Gluteus Maximus,Lever Lying Hip Extension
Hip,Gluteus Maximus,Lever Alternating Lying Hip Extension
Hip,Gluteus Maximus,Lever Standing Hip Extension
Hip,Gluteus Maximus,Lever Standing Hip Extension (with abdominal pad)
Hip,Gluteus Maximus,Lever Alternating Seated Leg Press
Hip,Gluteus Maximus,Lever Seated Leg Press
Hip,Gluteus Maximus,Lever Single Leg Seated Leg Press
Hip,Gluteus Maximus,Lever Bent-over Rear Kick
Hip,Gluteus Maximus,Lever Kneeling Rear Kick
Hip,Gluteus Maximus,Lever Standing Rear Kick
Hip,Gluteus Maximus,Lever Squat
Hip,Gluteus Maximus,Lever V-Squat
Hip,Gluteus Maximus,Lever Split V-Squat
Hip,Gluteus Maximus,Lever Single Leg Split V-Squat
Hip,Gluteus Maximus,Lever Alternating Single Leg Split V-Squat
Hip,Gluteus Maximus,Sled 45° Leg Press
Hip,Gluteus Maximus,Sled Alternating 45° Leg Press
Hip,Gluteus Maximus,Sled Single Leg 45° Leg Press
Hip,Gluteus Maximus,Sled Hack Press
Hip,Gluteus Maximus,Sled Lying Leg Press
Hip,Gluteus Maximus,Sled Lying Leg Press (plate loaded)
Hip,Gluteus Maximus,Sled Single Leg Lying Leg Press (plate loaded)
Hip,Gluteus Maximus,Sled Seated Leg Press
Hip,Gluteus Maximus,Sled Vertical Leg Press
Hip,Gluteus Maximus,Sled Single Leg Vertical Leg Press
Hip,Gluteus Maximus,Sled Kneeling Rear Kick
Hip,Gluteus Maximus,Sled Standing Rear Kick
Hip,Gluteus Maximus,Sled Rear Lunge
Hip,Gluteus Maximus,Sled Squat
Hip,Gluteus Maximus,Sled Hack Squat
Hip,Gluteus Maximus,Sled Single Leg Hack Squat
Hip,Gluteus Maximus,Smith Bent Knee Good-morning
Hip,Gluteus Maximus,Smith Deadlift
Hip,Gluteus Maximus,Smith Stiff Leg Deadlift
Hip,Gluteus Maximus,Smith Straight-back Stiff-leg Deadlift
Hip,Gluteus Maximus,Smith Rear Lunge
Hip,Gluteus Maximus,Smith Single Leg Split Squat
Hip,Gluteus Maximus,Smith Split Squat
Hip,Gluteus Maximus,Smith Squat
Hip,Gluteus Maximus,Smith Single Leg Squat
Hip,Gluteus Maximus,Smith Front Squat
Hip,Gluteus Maximus,Smith Hack Squat
Hip,Gluteus Maximus,Smith Wide Squat
Hip,Gluteus Maximus,Weighted Belt Squat
Hip,Gluteus Maximus,Weighted Reverse Hyper-extension
Hip,Gluteus Maximus,Weighted Single Leg Squat
Hip,Undefined,Kettlebell Front Squat
Hip,Undefined,Kettlebell Overhead Split Squat
Hip,Undefined,Kettlebell Overhead Rear Lunge
Hip,Gluteus Maximus,Lunge
Hip,Gluteus Maximus,Reverse Hyper-extension
Hip,Gluteus Maximus,Reverse Hyper-extension (on stability ball)
Hip,Gluteus Maximus,Single Leg Hip Bridge
Hip,Gluteus Maximus,Single Leg Split Squat
Hip,Gluteus Maximus,Single Leg Squat (pistol)
Hip,Gluteus Maximus,Single Leg Squat (with leg back)
Hip,Gluteus Maximus,Split Squat
Hip,Gluteus Maximus,Single Leg Stiff-leg Deadlift
Hip,Gluteus Maximus,SquatSquat
Hip,Undefined,Balance Board Squat
Hip,Gluteus Maximus,Step-up
Hip,Gluteus Maximus,Lateral Step-up
Hip,Gluteus Maximus,Step-down
Hip,Gluteus Maximus,Alternating Step-down
Hip,Gluteus Maximus,Self-assisted Single Leg Squat (bar)
Hip,Gluteus Maximus,Self-assisted Single Leg Squat (pole)
Hip,Gluteus Maximus,Self-assisted Single Leg Squat (leg wrapped)
Hip,Gluteus Maximus,Self-assisted Step-down
Hip,Gluteus Maximus,Suspended Hip Bridge
Hip,Gluteus Maximus,Suspended Single Leg Squat
Hip,Gluteus Maximus,Single Leg Split Squat
Hip,Gluteus Maximus,Lever Glute Stretch
Hip,Gluteus Maximus,Lying Glute Stretch
Hip,Gluteus Maximus,Lying Glute Stretch
Hip,Gluteus Maximus,PNF Lying Glute Stretch
Hip,Gluteus Maximus,Towel Lying Glute Stretch
Hip,Gluteus Maximus,Lying Wall Glute Stretch
Hip,Gluteus Maximus,Prone Glute Stretch
Hip,Gluteus Maximus,Seated Bent-over Glute Stretch
Hip,Gluteus Maximus,Seated Glute Stretch (bench)
Hip,Gluteus Maximus,Seated Glute Stretch (chair)
Hip,Gluteus Maximus,Seated Glute Stretch
Hip,Gluteus Maximus,PNF Seated Glute Stretch
Hip,Gluteus Maximus,Standing Glute Stretch
Hip,Gluteus Maximus,Squatting Glute Stretch
Hip,Gluteus Medius,Cable Hip Abduction
Hip,Gluteus Medius,Cable Lying Hip Internal Rotation
Hip,Gluteus Medius,Cable Seated Hip Internal Rotation
Hip,Tensor Fasciae Latae,Dumbbell Lying Hip Abduction
Hip,Gluteus Medius,Lever Seated Hip Abduction (plate loaded)
Hip,Tensor Fasciae Latae,Lever Lying Hip Abduction
Hip,Gluteus Medius,Lever Seated Hip Abduction
Hip,Tensor Fasciae Latae,Lever Standing Hip Abduction
Hip,Tensor Fasciae Latae,Weighted Lying Hip Abduction
Hip,Undefined,Cable Push Pull
Hip,Obliques,Cable Twist
Hip,Tensor Fasciae Latae,Side Bridge Hip Abduction
Hip,Tensor Fasciae Latae,Angled Side Bridge Hip Abduction
Hip,Tensor Fasciae Latae,Bent Knee Side Bridge Hip Abduction
Hip,Tensor Fasciae Latae,Suspended Hip Abduction
Hip,Obliques,Angled Side Bridge
Hip,Obliques,Bent Knee Side Bridge
Hip,Obliques,Side Bridge
Hip,Obliques,Suspended Side Bend
Hip,Obliques,Suspended Side Bridge
Hip,Obliques,Suspended Twist
Hip,Gluteus Medius,Lying Crossover Stretch
Hip,Gluteus Medius,PNF Lying Crossover Stretch
Hip,Gluteus Medius,Lying Prezel Stretch
Hip,Gluteus Medius,Seated Hip Internal Rotator Stretch
Hip,Gluteus Medius,Seated Hip Internal Rotator Stretch (bent leg under)
Hip,Gluteus Medius,Seated Hip Internal Rotator Stretch (chair or bench)
Hip,Gluteus Medius,Seated Pretzel Stretch
Hip,Gluteus Medius,Side Pretzel Stretch
Hip,Tensor Fasciae Latae,Lying Iliotibial Stretch
Hip,Tensor Fasciae Latae,Squatting Iliotibial Stretch
Hip,Tensor Fasciae Latae,Standing Iliotibial Stretch
Hip,Tensor Fasciae Latae,Wall Iliotibial Stretch
Hip,Iliopsoas,Cable Assisted Wheel Rollout
Hip,Iliopsoas,Cable Lying Leg Raise
Hip,Iliopsoas,Cable Lying Leg Raise (on bench)
Hip,Iliopsoas,Cable Lying Straight Leg Raise
Hip,Iliopsoas,Cable Standing Leg Raise
Hip,Iliopsoas,Cable Standing Straight Leg Raise
Hip,Iliopsoas,Lever Hip Flexion
Hip,Iliopsoas,Lever Lying Leg Raise
Hip,Iliopsoas,Lever Vertical Leg Raise
Hip,Iliopsoas,Weighted Decline Sit-up
Hip,Iliopsoas,Weighted Hanging Leg Raise
Hip,Iliopsoas,Weighted Hanging Straight Leg Raise
Hip,Iliopsoas,Weighted Incline Leg Raise
Hip,Iliopsoas,Weighted Incline Leg Raise (arms on pads)
Hip,Iliopsoas,Weighted Incline Straight Leg Raise
Hip,Iliopsoas,Weighted Incline Straight Leg Raise (arms on pads)
Hip,Iliopsoas,Weighted Lying Leg Raise
Hip,Iliopsoas,Weighted Roman Chair Sit-up
Hip,Iliopsoas,Weighted Seated Leg Raise
Hip,Iliopsoas,Weighted Vertical Leg Raise
Hip,Iliopsoas,Weighted Vertical Leg Raise (on parallel bars)
Hip,Iliopsoas,Weighted Vertical Straight Leg Raise
Hip,Iliopsoas,Hanging Leg Raise
Hip,Iliopsoas,Hanging Leg Raise (with ab straps)
Hip,Iliopsoas,Hanging Straight Leg Raise
Hip,Iliopsoas,Incline Leg Raise
Hip,Iliopsoas,Incline Leg Raise (arms on pads)
Hip,Iliopsoas,Incline Straight Leg Raise
Hip,Iliopsoas,Incline Straight Leg Raise (arms on pads)
Hip,Iliopsoas,Lying Leg Raise (on bench)
Hip,Iliopsoas,Lying Simultaneous Alternating Leg Raise
Hip,Iliopsoas,Lying Leg Raise (on floor)
Hip,Iliopsoas,Lying Straight Leg Raise
Hip,Iliopsoas,Lying Simultaneous Alternating Straight Leg Raise
Hip,Iliopsoas,Seated Leg Raise
Hip,Iliopsoas,Vertical Leg Raise
Hip,Iliopsoas,Vertical Leg Raise (on parallel bars)
Hip,Iliopsoas,Vertical Straight Leg Raise
Hip,Iliopsoas,Jack-knife on Ball
Hip,Iliopsoas,Roman Chair Sit-up
Hip,Iliopsoas,Lying Scissor Kick
Hip,Iliopsoas,Jack-knife on Power Wheel
Hip,Iliopsoas,Wheel Rollout
Hip,Iliopsoas,Pike on Power Wheel
Hip,Iliopsoas,Suspended Mountain Climber
Hip,Iliopsoas,Suspended Pike
Hip,Iliopsoas,Bentover Lunging Hip Flexor Stretch
Hip,Iliopsoas,Kneeling Hip Flexor Stretch
Hip,Iliopsoas,Lever Hip Flexor Stretch
Hip,Iliopsoas,Lunging Hip Flexor Stretch
Hip,Iliopsoas,Lying Hip Flexor Stretch
Hip,Iliopsoas,Sled Kneeling Hip Flexor Stretch
Hip,Iliopsoas,Standing Hip Flexor Stretch
Hip,Tensor Fasciae Latae,Lying Iliotibial Stretch
Hip,Tensor Fasciae Latae,Squatting Iliotibial Stretch
Hip,Tensor Fasciae Latae,Standing Iliotibial Stretch
Hip,Tensor Fasciae Latae,Wall Iliotibial Stretch
Hip,Gemellus superior,Cable Lying Hip External Rotation
Hip,Gemellus superior,Cable Seated Hip External Rotation
Hip,Gluteus Medius,Lever Seated Hip Abduction
Hip,Gluteus Medius,Lever Seated Hip Abduction (plate loaded)
Hip,External Hip Rotators,Lying Hip External Rotator Stretch
Hip,External Hip Rotators,Seated Hip External Rotator Stretch
Hip,Piriformis,Lever Piriformis Stretch
Hip,Piriformis,Lying Piriformis Stretch
Hip,Piriformis,Lying Piriformis Stretch
Hip,Piriformis,PNF Lying Piriformis Stretch
Hip,Piriformis,Seated Piriformis Stretch
Hip,Piriformis,Seated Piriformis Stretch (chair or bench)
Hip,Piriformis,PNF Seated Piriformis Stretch
Thigh,Quadriceps,Barbell Lunge
Thigh,Quadriceps,Barbell Rear Lunge
Thigh,Quadriceps,Barbell Side Lunge
Thigh,Quadriceps,Barbell Walking Lunge
Thigh,Quadriceps,Barbell Single Leg Split Squat
Thigh,Quadriceps,Barbell Side Split Squat
Thigh,Quadriceps,Barbell Single Leg Squat
Thigh,Quadriceps,Barbell Split Squat
Thigh,Quadriceps,Barbell Squat
Thigh,Quadriceps,Barbell Front Squat
Thigh,Quadriceps,Barbell Full Squat
Thigh,Quadriceps,Barbell Hack Squat
Thigh,Quadriceps,Safety Barbell Squat
Thigh,Quadriceps,Safety Barbell Squat (long handles)
Thigh,Quadriceps,Safety Barbell Squat (self-spotting)
Thigh,Quadriceps,Trap Bar Squat
Thigh,Quadriceps,Barbell Squat (with chains)
Thigh,Quadriceps,Barbell Zercher Squat
Thigh,Quadriceps,Barbell Step-up
Thigh,Quadriceps,Barbell Lateral Step-up
Thigh,Quadriceps,Cable Rear Lunge
Thigh,Quadriceps,Cable Rear Step-down Lunge
Thigh,Quadriceps,Cable Single Leg Split Squat
Thigh,Quadriceps,Cable One Arm Single Leg Split Squat
Thigh,Quadriceps,Cable Split Squat (belt)
Thigh,Quadriceps,Cable Split Squat
Thigh,Quadriceps,Cable One Arm Split Squat
Thigh,Quadriceps,Cable Squat
Thigh,Quadriceps,Cable Bar Squat
Thigh,Quadriceps,Cable Belt Squat
Thigh,Quadriceps,Cable Belt Half Squat
Thigh,Quadriceps,Cable Standing Leg Extension
Thigh,Quadriceps,Cable Step Down
Thigh,Quadriceps,Cable Step-up
Thigh,Quadriceps,Dumbbell Lunge
Thigh,Quadriceps,Dumbbell Rear Lunge
Thigh,Quadriceps,Dumbbell Side Lunge
Thigh,Quadriceps,Dumbbell Walking Lunge
Thigh,Quadriceps,Dumbbell Single Leg Split Squat
Thigh,Quadriceps,Dumbbell Single Leg Squat
Thigh,Quadriceps,Dumbbell Split Squat
Thigh,Quadriceps,Dumbbell Squat
Thigh,Quadriceps,Dumbbell Front Squat
Thigh,Quadriceps,Dumbbell Step-up
Thigh,Quadriceps,Dumbbell Lateral Step-up
Thigh,Quadriceps,Dumbbell Step Down
Thigh,Quadriceps,Lever Leg Extension (plate loaded)
Thigh,Quadriceps,Lever Alternating Leg Extension (plate loaded)
Thigh,Quadriceps,Lever 45° Leg Press (plate loaded)
Thigh,Quadriceps,Lever Single Leg 45° Leg Press
Thigh,Quadriceps,Lever Hack Press (plate loaded)
Thigh,Quadriceps,Lever Lying Leg Press (plate loaded)
Thigh,Quadriceps,Lever Lying Leg Press (custom - plate loaded)
Thigh,Quadriceps,Lever Single Leg Lying Leg Press (custom - plate loaded)
Thigh,Quadriceps,Lever Seated Leg Press (plate loaded)
Thigh,Quadriceps,Lever Alternating Seated Leg Press (plate loaded)
Thigh,Quadriceps,Lever Single Leg Standing Leg Press (plate loaded)
Thigh,Quadriceps,Lever Rear Lunge (plate loaded)
Thigh,Quadriceps,Lever Barbell Rear Lunge (plate loaded)
Thigh,Quadriceps,Lever Single Leg Split Squat (plate loaded)
Thigh,Quadriceps,Lever Barbell Single Leg Split Squat (plate loaded)
Thigh,Quadriceps,Lever Single Leg Squat (plate loaded)
Thigh,Quadriceps,Lever Split Squat (plate loaded)
Thigh,Quadriceps,Lever Barbell Split Squat (plate loaded)
Thigh,Quadriceps,Lever Squat (plate loaded)
Thigh,Quadriceps,Lever Barbell Squat (plate loaded)
Thigh,Quadriceps,Lever Front Squat (plate loaded)
Thigh,Quadriceps,Lever Full Squat (plate loaded)
Thigh,Quadriceps,Lever Hack Squat (plate loaded)
Thigh,Quadriceps,Lever V-Squat (plate loaded)
Thigh,Quadriceps,Lever Leg Extension
Thigh,Quadriceps,Lever Alternating Leg Extension
Thigh,Quadriceps,Lever Alternating Leg Extension (unilateral machine)
Thigh,Quadriceps,Lever Alternating Lying Leg Press
Thigh,Quadriceps,Lever Seated Leg Press
Thigh,Quadriceps,Lever Single Leg Seated Leg Press
Thigh,Quadriceps,Lever Squat
Thigh,Quadriceps,Lever V-Squat
Thigh,Quadriceps,Lever Split V-Squat
Thigh,Quadriceps,Lever Single Leg Split V-Squat
Thigh,Quadriceps,Lever Alternating Single Leg Split V-Squat
Thigh,Quadriceps,Sled 45° Leg Press
Thigh,Quadriceps,Sled Alternating 45° Leg Press
Thigh,Quadriceps,Sled Single Leg 45° Leg Press
Thigh,Quadriceps,Sled Hack Press (plate loaded)
Thigh,Quadriceps,Sled Lying Leg Press
Thigh,Quadriceps,Sled Lying Leg Press (plate loaded)
Thigh,Quadriceps,Sled Single Leg Lying Leg Press (plate loaded)
Thigh,Quadriceps,Sled Seated Leg Press
Thigh,Quadriceps,Sled Vertical Leg Press
Thigh,Quadriceps,Sled Single Leg Vertical Leg Press
Thigh,Quadriceps,Sled Squat
Thigh,Quadriceps,Sled Hack Squat
Thigh,Quadriceps,Sled Single Leg Hack Squat
Thigh,Quadriceps,Sled Rear Lunge
Thigh,Quadriceps,Smith Rear Lunge
Thigh,Quadriceps,Smith Single Leg Split Squat
Thigh,Quadriceps,Smith Split Squat
Thigh,Quadriceps,Smith Squat
Thigh,Quadriceps,Smith Single Leg Squat
Thigh,Quadriceps,Smith Front Squat
Thigh,Quadriceps,Smith Hack Squat
Thigh,Quadriceps,Smith Wide Squat
Thigh,Quadriceps,Weighted Belt Squat
Thigh,Quadriceps,Weighted Single Leg Squat
Thigh,Quadriceps,Weighted Sissy Squat
Thigh,Quadriceps,Weighted Sissy Squat (on apparatus)
Thigh,Undefined,Kettlebell Front Squat
Thigh,Undefined,Kettlebell Overhead Split Squat
Thigh,Undefined,Kettlebell Overhead Rear Lunge
Thigh,Quadriceps,Lunge
Thigh,Quadriceps,Single Leg Split Squat
Thigh,Quadriceps,Single Leg Squat (pistol)
Thigh,Quadriceps,Single Leg Squat (with leg back)
Thigh,Quadriceps,Split Squat
Thigh,Quadriceps,Sissy Squat
Thigh,Quadriceps,Sissy Squat (on apparatus)
Thigh,Quadriceps,Squat
Thigh,Undefined,Balance Board Squat
Thigh,Quadriceps,Step-up
Thigh,Quadriceps,Lateral Step-up
Thigh,Quadriceps,Step-down
Thigh,Quadriceps,Alternating Step Down
Thigh,Quadriceps,Self-assisted Single Leg Squat (bar)
Thigh,Quadriceps,Self-assisted Single Leg Reclining Squat (pole)
Thigh,Quadriceps,Self-assisted Single Leg Squat (leg wrapped)
Thigh,Quadriceps,Self-assisted Step-down
Thigh,Quadriceps,Suspended Single Leg Squat
Thigh,Quadriceps,Suspended Split Squat
Thigh,Rectus Femoris,Kneeling Quadriceps Stretch
Thigh,Rectus Femoris,Lever Quadriceps Stretch
Thigh,Rectus Femoris,Lying (prone) Quadriceps Stretch
Thigh,Rectus Femoris,PNF Lying (prone) Quadriceps Stretch
Thigh,Rectus Femoris,Lying (side) Quadriceps Stretch
Thigh,Rectus Femoris,Standing Quadriceps Stretch
Thigh,Rectus Femoris,Standing Quadriceps Stretch (towel)
Thigh,Rectus Femoris,Standing Quadriceps Stretch (on apparatus)
Thigh,Hamstrings,Barbell Good-morning
Thigh,Hamstrings,Barbell Glute-Ham Raise
Thigh,Hamstrings,Barbell Inverse Leg Curl
Thigh,Hamstrings,Barbell Hyperextension
Thigh,Hamstrings,Barbell Back Raise (on hyperextension apparatus)
Thigh,Hamstrings,Barbell 45-degree Hyperextension
Thigh,Hamstrings,Barbell 45-degree Back Raise (on hyperextension apparatus)
Thigh,Hamstrings,Barbell Straight Leg Deadlift
Thigh,Hamstrings,Barbell Straight-back Straight-leg Deadlift
Thigh,Hamstrings,Trap Bar Straight Leg Deadlift
Thigh,Hamstrings,Trap Bar Straight-back Straight-leg Deadlift
Thigh,Hamstrings,Cable Bent-over Leg Curl
Thigh,Hamstrings,Cable Lying Leg Curl
Thigh,Hamstrings,Cable Standing Leg Curl
Thigh,Hamstrings,Cable Straight Leg Deadlift
Thigh,Hamstrings,Cable Straight-back Straight-leg Deadlift
Thigh,Hamstrings,Dumbbell Straight Leg Deadlift
Thigh,Hamstrings,Dumbbell Straight-back Straight-leg Deadlift
Thigh,Hamstrings,Lever Kneeling Leg Curl (plate loaded)
Thigh,Hamstrings,Lever Lying Leg Curl (plate loaded)
Thigh,Hamstrings,Lever Alternating Lying Leg Curl (plate loaded)
Thigh,Hamstrings,"Lever Lying Leg Curl (on reverse hyper-extension machine, plate loaded)"
Thigh,Hamstrings,Lever Seated Leg Curl (plate loaded)
Thigh,Hamstrings,Lever Single Leg Seated Leg Curl (plate loaded)
Thigh,Hamstrings,Lever Straight Leg Deadlift (plate loaded)
Thigh,Hamstrings,Lever Straight-back Straight-leg Deadlift (plate loaded)
Thigh,Hamstrings,Lever Bent-over Leg Curl
Thigh,Hamstrings,Lever Alternating Bent-over Leg Curl
Thigh,Hamstrings,Lever Kneeling Leg Curl
Thigh,Hamstrings,Lever Lying Leg Curl
Thigh,Hamstrings,Lever Alternating Lying Leg Curl
Thigh,Hamstrings,Lever Seated Leg Curl
Thigh,Hamstrings,Lever Standing Leg Curl
Thigh,Hamstrings,Lever Alternating Standing Leg Curl
Thigh,Hamstrings,Lever Standing Leg Curl (on leg extension)
Thigh,Hamstrings,Lever Standing Leg Curl (on multi-hip machine)
Thigh,Hamstrings,Lever Straight-leg Lying Hip Extension
Thigh,Hamstrings,Smith Good-morning
Thigh,Hamstrings,Smith Straight Leg Deadlift
Thigh,Hamstrings,Smith Straight-back Straight-leg Deadlift
Thigh,Hamstrings,Weighted Glute-Ham Raise
Thigh,Splenius,Weighted Inverse Leg Curl
Thigh,Splenius,Weighted Hyperextension
Thigh,Splenius,Weighted Back Raise (on hyperextension apparatus)
Thigh,Splenius,Weighted 45-degree Hyperextension
Thigh,Splenius,Weighted 45-degree Back Raise (on hyperextension apparatus)
Thigh,Hamstrings,Leg Curl (on stability ball)
Thigh,Hamstrings,Leg Curl (on power wheel)
Thigh,Hamstrings,Glute-Ham Raise (hands behind neck)
Thigh,Hamstrings,Glute-Ham Raise (hands behind hips)
Thigh,Hamstrings,Inverse Leg Curl
Thigh,Hamstrings,Self-assisted Inverse Leg Curl
Thigh,Hamstrings,Self-assisted Inverse Leg Curl (on floor)
Thigh,Hamstrings,Suspended Leg Curl
Thigh,Hamstrings,Suspended Straight Hip Leg Curl
Thigh,Hamstrings,Suspended Hamstring Runner
Thigh,Hamstrings,Suspended Hyperextension
Thigh,Hamstrings,Lever Seated Hamstring Stretch
Thigh,Hamstrings,Lever Lying Hamstring Stretch
Thigh,Hamstrings,Lying Hamstring Stretch
Thigh,Hamstrings,PNF Lying Hamstring Stretch
Thigh,Hamstrings,Lying Hamstring Stretch (towel)
Thigh,Hamstrings,Seated Hamstring Stretch
Thigh,Hamstrings,PNF Seated Hamstring Stretch
Thigh,Hamstrings,Seated Single Leg Hamstring Stretch
Thigh,Hamstrings,Seated Hamstring Stretch
Thigh,Hamstrings,Seated Single Leg Hamstring Stretch
Thigh,Hamstrings,Seated Single Leg Hamstring Stretch
Thigh,Hamstrings,Standing Hamstring Stretch
Thigh,Hamstrings,Standing Cross Leg Hamstring Stretch
Thigh,Hamstrings,Standing Single Leg Hamstring Stretch
Thigh,Hamstrings,Standing Single Leg Hamstring Stretch
Thigh,"Adductors, Hip",Cable Hip Adduction
Thigh,"Adductors, Hip",Cable Lying Hip Adduction
Thigh,"Adductors, Hip",Lever Seated Hip Adduction (plate loaded)
Thigh,"Adductors, Hip",Lever Lying Hip Adduction
Thigh,"Adductors, Hip",Lever Seated Hip Adduction
Thigh,"Adductors, Hip",Lever Standing Hip Adduction
Thigh,"Adductors, Hip",Weighted Lying Hip Adduction
Thigh,Obliques,Angled Side Bridge
Thigh,Obliques,Bent Knee Side Bridge
Thigh,Obliques,Side Bridge
Thigh,Obliques,Suspended Side Bend
Thigh,Obliques,Suspended Side Bridge
Thigh,"Adductors, Hip",Kneeling Groin Stretch
Thigh,"Adductors, Hip",Kneeling Side Lunge Stretch
Thigh,"Adductors, Hip",Lever Groin Stretch
Thigh,"Adductors, Hip",Lying Groin Stretch
Thigh,"Adductors, Hip",PNF Bent Leg Groin Stretch
Thigh,"Adductors, Hip",Lying Wall Groin Stretch
Thigh,"Adductors, Hip",PNF Straight Leg Groin Stretch
Thigh,"Adductors, Hip",Seated Groin Stretch
Thigh,"Adductors, Hip",Seated Groin Stretch (on apparatus)
Thigh,"Adductors, Hip",Seated Groin Stretch (chair or bench)
Thigh,"Adductors, Hip",Lever Seated Groin Stretch
Thigh,"Adductors, Hip",Side Lunge Stretch
Thigh,"Adductors, Hip",Squatting Groin Stretch
Thigh,"Adductors, Hip",Standing Groin Stretch
Thigh,"Adductor Magnus, ischial fibers",Bent-over Adductor Magnus Stretch
Thigh,"Adductor Magnus, ischial fibers",Kneeling Adductor Magnus Stretch
Thigh,"Adductor Magnus, ischial fibers",Lying Adductor Magnus Stretch
Thigh,"Adductor Magnus, ischial fibers",Seated Single Leg Adductor Magnus Stretch
Thigh,"Adductor Magnus, ischial fibers",Seated Adductor Magnus Stretch
Thigh,"Adductor Magnus, ischial fibers",Seated Adductor Magnus Stretch (chair or bench)
Calf,Gastrocnemius,Safety Barbell Standing Leg Calf Raise
Calf,Gastrocnemius,Barbell Standing Leg Calf Raise
Calf,Gastrocnemius,Cable Standing Calf Raise
Calf,Gastrocnemius,Cable Single Leg Calf Raise
Calf,Gastrocnemius,Cable One Arm Single Leg Calf Raise
Calf,Gastrocnemius,Dumbbell Standing Calf Raise
Calf,Gastrocnemius,Dumbbell Single Leg Calf Raise
Calf,Gastrocnemius,Lever 45° Calf Press (plate loaded)
Calf,Gastrocnemius,Lever 45° Calf Raise (plate loaded)
Calf,Gastrocnemius,Lever Donkey Calf Raise (plate loaded)
Calf,Gastrocnemius,Lever Seated Calf Extension (plate loaded)
Calf,Gastrocnemius,Lever Seated Calf Press (plate loaded)
Calf,Gastrocnemius,Lever Standing Calf Raise (plate loaded)
Calf,Gastrocnemius,"Lever Calf Raise (on v-squat machine, plate loaded)"
Calf,Gastrocnemius,Lever 45° Calf Raise
Calf,Gastrocnemius,Lever Donkey Calf Raise
Calf,Gastrocnemius,Lever Seated Calf Extension
Calf,Gastrocnemius,Lever Seated Calf Extension (bilateral)
Calf,Gastrocnemius,Lever Alternating Seated Calf Extension
Calf,Gastrocnemius,Lever Seated Calf Press
Calf,Gastrocnemius,Lever Standing Calf Raise
Calf,Gastrocnemius,Lever Standing Calf Raise (belt loaded)
Calf,Gastrocnemius,Lever Forward Angled Calf Raise
Calf,Gastrocnemius,Sled 45° Calf Press
Calf,Gastrocnemius,Sled 45° Alternating Calf Press
Calf,Gastrocnemius,Sled 45° Calf Raise
Calf,Gastrocnemius,Sled 45° Calf Raise (plate loaded)
Calf,Gastrocnemius,Sled Donkey Calf Raise
Calf,Gastrocnemius,Sled Hack Calf Press
Calf,Gastrocnemius,Sled Lying Calf Press
Calf,Gastrocnemius,Sled Lying Calf Press (plate loaded)
Calf,Gastrocnemius,Sled Seated Calf Press
Calf,Gastrocnemius,Sled Standing Calf Raise
Calf,Gastrocnemius,Sled Forward Angled Calf Raise
Calf,Gastrocnemius,Sled Vertical Calf Press
Calf,Gastrocnemius,Smith Standing Leg Calf Raise
Calf,Gastrocnemius,Weighted Donkey Calf Raise
Calf,Gastrocnemius,Weighted Single Leg Calf Raise
Calf,Gastrocnemius,Standing Calf Raise
Calf,Gastrocnemius,Single Leg Calf Raise
Calf,Gastrocnemius,Single Leg Forward Angled Calf Raise
Calf,Gastrocnemius,Self-assisted Leg Calf Raise
Calf,Gastrocnemius,Self-assisted Single Leg Calf Raise (with opposite leg)
Calf,Gastrocnemius,Floor Board Straight Leg Calf Stretch
Calf,Gastrocnemius,Lunging Straight Leg Calf Stretch
Calf,Gastrocnemius,Pike Straight Leg Calf Stretch
Calf,Gastrocnemius,Single Leg Pike Straight Leg Calf Stretch
Calf,Gastrocnemius,Step Straight Leg Calf Stretch
Calf,Gastrocnemius,Towel Straight Leg Calf Stretch
Calf,Gastrocnemius,Wall Straight Leg Calf Stretch
Calf,Soleus,Safety Bar Seated Calf Raise
Calf,Soleus,Lever Seated Calf Raise (plate loaded)
Calf,Soleus,Lever Alternating Bent-knee Seated Calf Extension
Calf,Soleus,Lever Bent Knee Seated Calf Extension
Calf,Soleus,Lever Seated Calf Raise
Calf,Soleus,Smith Seated Calf Raise
Calf,Soleus,Floor Board Bent Knee Calf Stretch
Calf,Soleus,Lunging Bent Knee Calf Stretch
Calf,Soleus,Pike Bent Leg Calf Stretch
Calf,Soleus,Single Leg Pike Bent Leg Calf Stretch
Calf,Soleus,Kneeling Calf Stretch
Calf,Soleus,Seated Bent Leg Calf Stretch
Calf,Soleus,Step Bent Knee Calf Stretch
Calf,Soleus,Towel Bent Leg Calf Stretch
Calf,Soleus,Wall Bent Knee Calf Stretch
Calf,Tibialis Anterior,Barbell Reverse Calf Raise
Calf,Tibialis Anterior,Safety Bar Reverse Calf Raise
Calf,Tibialis Anterior,Cable Reverse Calf Raise
Calf,Tibialis Anterior,Cable Single Leg Reverse Calf Raise
Calf,Tibialis Anterior,Dumbbell Reverse Calf Raise
Calf,Tibialis Anterior,Dumbbell Single Leg Reverse Calf Raise
Calf,Tibialis Anterior,Lever 45° Reverse Calf Press (plate loaded)
Calf,Tibialis Anterior,Lever 45° Reverse Calf Raise (plate loaded)
Calf,Tibialis Anterior,Lever Reverse Calf Raise (plate loaded)
Calf,Tibialis Anterior,"Lever Reverse Calf Raise (on v-squat machine, plate loaded)"
Calf,Tibialis Anterior,Lever Seated Reverse Calf Extension (plate loaded)
Calf,Tibialis Anterior,Lever Seated Tibia Raise (plate loaded)
Calf,Tibialis Anterior,Lever Single Leg Seated Tibia Raise (plate loaded)
Calf,Tibialis Anterior,Lever Standing Tibia Raise (plate loaded)
Calf,Tibialis Anterior,Lever Donkey Reverse Calf Raise
Calf,Tibialis Anterior,Lever Reverse Calf Raise
Calf,Tibialis Anterior,Lever Seated Reverse Calf Press
Calf,Tibialis Anterior,Sled 45° Reverse Calf Press
Calf,Tibialis Anterior,Sled 45° Reverse Calf Raise
Calf,Tibialis Anterior,Sled 45° Reverse Calf Raise (plate loaded)
Calf,Tibialis Anterior,Sled 45° Reverse Calf Raise (on hack press)
Calf,Tibialis Anterior,Sled Reverse Donkey Calf Raise (plate loaded)
Calf,Tibialis Anterior,Sled Hack Reverse Calf Raise
Calf,Tibialis Anterior,Sled Lying Reverse Calf Press
Calf,Tibialis Anterior,Sled Lying Reverse Calf Press (plate loaded)
Calf,Tibialis Anterior,Sled Standing Reverse Calf Raise
Calf,Tibialis Anterior,Sled Reverse Calf Raise (plate loaded)
Calf,Tibialis Anterior,Sled Seated Reverse Calf Press
Calf,Tibialis Anterior,Smith Reverse Calf Raise
Calf,Tibialis Anterior,Reverse Calf Raise
Calf,Tibialis Anterior,Single Leg Reverse Calf Raise
Calf,Tibialis Anterior,Kneeling Shin Stretch
Calf,Tibialis Anterior,Lying Shin Stretch
Calf,Tibialis Anterior,Seated Shin Stretch
Calf,Tibialis Anterior,Standing Shin Stretch
